serial_no,polling_station_no,polling_station_location,parts_covered,all_voters_covered
1,1,"ஊரா சி ஒ றிய ந நிைல ப ள ,ேம பா த கிழ க ட ,ைப தா பா - 607101","1.ைப தா பா (வ.கி) ம (ஊ) மா ய ம ேகாய ெத , 2.ைப தா பா (வ.கி) ம (ஊ) ேரா ெத , 3.ைப தா பா (வ.கி) ம (ஊ) ச திர மா ய ம ேகாய ெத 1 , 4.ைப தா பா (வ.கி) ம (ஊ) ச திர மா ய ம ேகாய ெத 2 , 5.ைப தா பா (வ.கி) ம (ஊ) ெமய ேரா",yes
2,2,"ஊரா சி ஒ றிய ந நிைல ப ள ,ேம பா த கிழ க ட வட ப தி,ைப தா பா - 607101","1.ைப தா பா (வ.கி) ம (ஊ) ப ைளயா ேகாய ெத , 2.ைப தா பா (வ.கி) ம (ஊ) ெப மா ேகாய ெத , 3.ைப தா பா (வ.கி) ம (ஊ) பைழயகாலன மா ய ம ேகாய ெத , 4.ைப தா பா (வ.கி) ம (ஊ) தியகாலன ச திேவ சாைல , 5.ைப தா பா (வ.கி) ம (ஊ) பைழயகாலன த ெத , 6.ைப தா பா (வ.கி) ம (ஊ) பைழயகாலன ந ெத , 7.ைப தா பா (வ.கி) ம (ஊ) பைழயகாலன ெத , 8.ைப தா பா (வ.கி) ம (ஊ) பைழய காலன றாவ ெத",yes
3,3,"கிராம ேசைவ ைமய ( ஊரா சி ஒ றிய ெதாட க ப ள இைண ),ெத பா த திய க ட ேம ப தி,காவ - 607108","1.காவ (வ.கி) ம (ஊ) ெமய ேரா , 2.காவ (வ.கி) ம (ஊ) அ ரஹார வதி , 3.காவ (வ.கி) ம (ஊ) ேம ெத , 4.காவ (வ.கி) ம (ஊ) ஆ ற கைர வதி",yes
4,4,"ஊரா சி ஒ றிய வ க ப ள ,வட பா த க ட கிழ ப தி,உ தா ப - 607108","1. உ தா ப (வ.கி) ம காவ (ஊ) ப ள ட வதி , 2.உ தா ப (வ.கி) ம காவ (ஊ) மகா மா கா தி வதி , 3.காவ (வ.கி) ம (ஊ) திெரௗபதிய ம ேகாவ வதி , 4.உ தா ப (வ.கி) காவ (ஊ) ஆ ற கைர வதி",yes
5,5,"ஊரா சி ஒ றிய வ க ப ள ,ேம பா த திய க ட வட ப தி,அவ ய - 607101","1.அவ ய (வ.கி) ம (ஊ) ெத ெத , 2.அவ ய (வ.கி) ம (ஊ) ைர மி ெத , 3.அவ ய (வ.கி) ம (ஊ) ெமய ேரா , 4.அவ ய (வ.கி) ம (ஊ) ேப ெத , 5.அவ ய (வ.கி) ம (ஊ) கிழ ெத",yes
6,6,"ஊரா சி ஒ றிய வ க ப ள ,வட பா த பைழய க ட ேம ப தி ,அவ ய - 607101","1..அவ ய (வ.கி) ம (ஊ) வட ெத ,2.அவ ய (வ.கி) ம (ஊ) ேம ெத , 3.அவ ய (வ.கி) ம (ஊ) ேம ெமய ேரா , 4.அவ ய (வ.கி) ம (ஊ) ஈ வர ேகாவ ெத",yes
7,7,"ஆதிதிராவ ட நல வ க ப ள ,கிழ பா த பைழய க ட ,அழ ெப மா ப - 607101","1.அழ ெப மா ப (வ.கி) ம (ஊ) அழ ெப மா ப , 2.அழ ெப மா ப (வ.கி) ம (ஊ) எ .ஜி.ஆ ெத , 3.அழ ெப மா ப (வ.கி) ம (ஊ) ேட ெத , 4.அழ ெப மா ப (வ.கி) ம (ஊ) ந ெத",yes
8,8,"அ க வா க ட ,கிழ பா த ெத ப தி,அழ ெப மா ப - 607101","1.அழ ெப மா ப (வ.கி) ம (ஊ) ெர ப காலன , 2.அழ ெப மா ப (வ.கி) ம (ஊ) ெர ப காலன கிழ ெத , 3அழ ெப மா ப (வ.கி) ம (ஊ) ெர ப",yes
9,9,"ஆதிதிராவ ட நல வ க ப ள ,கிழ பார த திய க ெத ப தி,அழ ெப மா ப - 607101","1.அழ ெப மா ப (வ.கி) ம (ஊ) அ யனா ேகாவ ெத , 2.அழ ெப மா ப (வ.கி) ம (ஊ) பைழயகாலன ேம ெத",yes
10,10,"கிராம ேசைவ ைமய ,ெத பா த க ட கிழ ப தி ,அழ ெப மா ப - 607101","1.அழ ெப மா ப (வ.கி) ம (ஊ) அ ேப கா ெத ,2.அழ ெப மா ப (வ.கி) ம (ஊ) வட ெத , 3.அழ ெப மா ப (வ.கி) ம (ஊ) கிழ ெத , 4.அழ ெப மா ப (வ.கி) ம (ஊ) ெத ெத , 5.அழ ெப மா ப (வ.கி) ம (ஊ) வ வ ெத",yes
11,11,"ஊரா சி ஒ றிய வ க ப ள ,கிழ பா தேம ப தி ந ப தி ,எனதி ம கல - 607108","1.எனதி ம கல (வ.கி) ம (ஊ) ெமய ேரா ,2.எனதி ம கல (வ.கி) ம (ஊ) யா ெத ,3.எனதி ம கல (வ.கி) ம (ஊ) ெர யா வதி , 4.எனதி ம கல (வ.கி) ம (ஊ) அ ரஹார வதி , 5.எனதி ம கல (வ.கி) ம (ஊ) க ண வதி , 6.எனதி ம கல (வ.கி) ம (ஊ) தைலயா வதி",yes
12,12,"ஊரா சி ஒ றிய வ க ப ள ,ெத பா த க ட ேம ப தி ,எனதி ம கல - 607108","1.எனதி ம கல (வ.கி) ம (ஊ) காலன ெத , 2.எனதி ம கல (வ.கி) ம (ஊ) மா ய ம ேகாவ வதி , 3.எனதி ம கல (வ.கி) ம (ஊ) மாதாேகாவ வதி , 4.எனதி ம கல (வ.கி) ம (ஊ) இ ள காலன 5.எனதி ம கல (வ.கி) ம (ஊ) ெத",yes
13,13,"ஊரா சி ஒ றிய ந நிைல ப ள ,வட பா த திய க ட கிழ ப தி,க - 607108","1.க (வ.கி) ம (ஊ) யாதவ வதி , 2.க (வ.கி) ம (ஊ) யாதவ வதி ச , 3.க (வ.கி) ம (ஊ) ெமய ேரா , 4.க (வ.கி) ம (ஊ) ந ெத , 5.க (வ.கி) ம (ஊ) அ ரஹார வதி , 6.க (வ.கி) ம (ஊ) ைகய ம ேகாய ெத , 7.க (வ.கி) ம (ஊ) ப ள ெத , 8.க (வ.கி) ம (ஊ) ைகய ம ேகாய ச , 9.க (வ.கி) ம (ஊ) வ னாயக",yes
14,14,"ஊரா சி ஒ றிய ந நிைல ப ள ,கிழ பா த ந க ட ேம ப தி ,க - 607108","1.க (வ.கி) ம (ஊ) ேஜாதி நக , 2.க (வ.கி) ம (ஊ) சி பாைளய ,3.க (வ.கி) ம (ஊ) ள ேம",yes
15,15,"ஊரா சி ஒ றிய ந நிைல ப ள ,ேம பா த ெத ப க க ட வட ப தி,க - 607108","1.க (வ.கி) ம (ஊ) பைழயகாலன , 2.க (வ.கி) ம (ஊ) காலன 3.க (வ.கி) ம (ஊ) மண நக ,4.க (வ.கி) ம (ஊ) ப ள ெத",yes
16,16,"ஊரா சி ஒ றிய வ க ப ள ,ெத பா த கிழ க ட ,ெகார தி - 607205","1.ெகார தி (வ.கி) ம (ஊ) ெமய ேரா , 2.ெகார தி (வ.கி) ம (ஊ) மா ய ம ேகாய வதி , 3.ெகார தி (வ.கி) ம (ஊ) மா ய ம ேகாய ப ற , 4.ெகார தி (வ.கி) ம (ஊ) அ ரஹார வதி , 5.ெகார தி (வ.கி) ம (ஊ) ந ெத , 6.ெகார தி (வ.கி) ம (ஊ) கிழ ெத , 7.ெகார தி (வ.கி) ம (ஊ) உ ெமய ேரா , 8.ெகார தி (வ.கி) ம (ஊ) ஏ கைர , 9.ெகார தி (வ.கி) ம (ஊ) ந ெத ச",yes
17,17,"ச கான தா உதவ ெப வ க ப ள , திய க ட தி ேம பா த ெத ப தி,அ கடவ லி - 607205","1.அ கடவ லி (வ.கி) ம (ஊ) ெத ெத , 2.அ கடவ லி (வ.கி) ம (ஊ) ெப மா ேகாவ ெத , 3.அ கடவ லி (வ.கி) ம (ஊ) ெச லிய ம ேகாவ ெத",yes
18,18,"ச கான தா உதவ ெப வ க ப ள ,கிழ பா த வட ப க திய க ட ,அ கடவ லி -","1.அ கடவ லி (வ.கி) ம (ஊ) வட ெத , 2.அ கடவ லி (வ.கி) ம (ஊ) ள ெத , 3.அ கடவ லி (வ.கி) ம (ஊ) திெரௗபதிய ம ேகாவ ெத",yes
19,19,"ஊரா சி ஒ றிய வ க ப ள ,கிழ ப தி,ேவல கா அ கடவ லி - 607205","1.அ கடவ லி (வ.கி) ம (ஊ) ேவள கா , 2.அ கடவ லி (வ.கி) ம (ஊ) சி னேவல கா",yes
20,20,"அ க வா ைமய ,கிழ பா த க ட தி கிழ ப தி,தி ைற - 607205","1.கய பா க (வ.கி), தி ைற (ஊ) வட வதி , 2.கய பா க (வ.கி), தி ைற (ஊ) கிழ வதி , 3.கய பா க (வ.கி), தி ைற (ஊ) ெப யகாலன , 4.கய பா க (வ.கி) ம (ஊ) கய பா க கிராம",yes
21,21,"ஊரா சி ஒ றிய வ க ப ள ,ெத பா த க ட ேம ப தி,தி ைற - 607205","1.கய பா க (வ.கி) ம (ஊ) கய பா க காலன , 2.கய பா க (வ.கி) ம (ஊ) சி பாைளய மனா சி ைட , 3.கய பா க (வ.கி), தி ைற (ஊ) ஆ வதி , 4.கய பா க (வ.கி), தி ைற (ஊ) ஆ காலன , 5.கய பா க (வ.கி), தி ைற (ஊ) ெமய ேரா",yes
22,22,"ஊரா சி ஒ றிய வ க ப ள ,ெத பா த வட ப க கிழ ப தி,தி ைற - 607205","1.தி ைற (வ.கி) ம (ஊ) கிழ ெத , 2.தி ைர (வ.கி) ம (ஊ) வட ெத , 3.தி ைர (வ.கி) ம (ஊ) ெத ெத , 4.தி ைர (வ.கி) ம (ஊ) அ ய ெத , 5.தி ைர (வ.கி) ம (ஊ) ெவ ளாள ெத , 6.தி ைர (வ.கி) ம (ஊ) யவ ெத , 7.தி ைர (வ.கி) ம (ஊ) க ைக அ ம ேகாய ெத , 8.தி ைர (வ.கி) ம (ஊ) ெச யா ெத , 9.தி ைர (வ.கி) ம (ஊ) ெமய ேரா , 10.தி ைர (வ.கி) ம (ஊ) ேதா ெத , 11.தி ைர (வ.கி) ம (ஊ) ேம ெத , 12.தி ைர (வ.கி) ம (ஊ) ேஜாகி ெத",yes
23,23,"ஊரா சி ஒ றிய ந நிைல ப ள ,வட ப க எ எ எ க ட கிழ ப தி,க ட பாைளய -","1. (வ.கி) ம (ஊ) கா தி நக , 2. (வ.கி) ம (ஊ) ஊ , 3. (வ.கி) ம (ஊ) காலன , 4. (வ.கி) ம (ஊ) க ட பாைளய க ேகாய ெத",yes
24,24,"ஊரா சி ஒ றிய ந நிைல ப ள ,ெத பா த க ட எ எ ஏ க ட ,க ட பாைளய -","1. (வ.கி) ம (ஊ) ரய ல , 2. (வ.கி) ம (ஊ) க ட பாைளய ஆ ெத , 3. (வ.கி) ம (ஊ) க ட பாைளய ப ைளயா ேகாய ெத , 4. (வ.கி) ம (ஊ) சிபாைளய",yes
25,25,"ஊரா சி ஒ றிய வ க ப ள ,ேம பா த கிழ திய க ட வட ப தி ,ெப யக ள ப - 607205","1.க டர ேகா ைட (வ.கி), ெப ய க ள ப (ஊ) காள ய ம ேகாய ெத , 2.க டர ேகா ைட (வ.கி), ெப ய க ள ப (ஊ) ப ைளயா ேகாய ெத , 3.க டர ேகா ைட (வ.கி), ெப ய க ள ப (ஊ) அரசமர ெத , 4.க டர ேகா ைட (வ.கி), ெப ய க ள ப (ஊ) க ேகாய ெத , 5.க டர ேகா ைட (வ.கி), ெப ய க ள ப (ஊ) ஏ கைர ெத , 6.க டர ேகா ைட (வ.கி), ெப ய க ள ப (ஊ) நக",yes
26,26,"ஊரா சி ஒ றிய வ க ப ள ,ேம பா த கிழ ப க திய க ட ,,ெப யக ள ப - 607205","1.க டர ேகா ைட (வ.கி), ெப ய க ள ப (ஊ) ேதவ தா நக , 2.க டர ேகா ைட (வ.கி), ெப ய க ள ப (ஊ) மா ய ம ேகாய ெத சிபாைளய , 3.க டர ேகா ைட (வ.கி), ெப ய க ள ப (ஊ) ஏ பாைளய ேரா , 4.க டர ேகா ைட (வ.கி), ெப ய க ள ப (ஊ) ப ள ட ெத ஏ பாைளய , 5.க டர ேகா ைட (வ.கி), ெப ய க ள ப (ஊ) மா ய ம ேகாய ெத",yes
27,27,"அர உய நிைல ப ள ,ெத பா த கிழ திய க ட ,,க டர ேகா ைட - 607205","1.க டர ேகா ைட (வ.கி) ம (ஊ) ேட ெத ( த ெத ) , 2.க டர ேகா ைட (வ.கி) ம (ஊ) ேட ெத 2வ ெத , 3.க டர ேகா ைட (வ.கி) ம (ஊ) மா ய ம ேகாய வதி , 4.க டர ேகா ைட (வ.கி) ம (ஊ) ெச ைன சாைல , 5.க டர ேகா ைட (வ.கி) ம (ஊ) தி க நக , 6.க டர ேகா ைட (வ.கி) ம (ஊ) தி ைற ேரா , 7.க டர ேகா ைட (வ.கி) ம (ஊ) யவ வதி , 8.க டர ேகா ைட",yes
28,28,"அர உய நிைல ப ள ,ெத பா த ேம க ட ,க டர ேகா ைட - 607205","1.க டர ேகா ைட (வ.கி) ம (ஊ) ெச ைன சாைல , 2.க டர ேகா ைட (வ.கி) ம (ஊ) தி ைர ேரா , 3.க டர ேகா ைட (வ.கி) ம (ஊ) ேதா ெத , 4.க டர ேகா ைட (வ.கி) ம (ஊ) ெர யா ெத , 5. லவ (வ.கி) ம (ஊ) மா ய ம ேகாவ ெத (ராசாபாைள ) , 6. லவ (வ.கி) ம (ஊ)",yes
29,29,"அர உய நிைல ப ள ,ெத பா த க ட தி ேம ப தி ,,க டர ேகா ைட - 607205","1.க டர ேகா ைட (வ.கி) ம (ஊ) எ .ஜி.ஆ . நக , 2. லவ (வ.கி) ம (ஊ) ெச ைன சாைல (ராசாபாைள ) , 3.க டர ேகா ைட (வ.கி) ம (ஊ) ேட ெத , 4.க டர ேகா ைட (வ.கி) ம (ஊ) மா ய ம ேகாவ ெத",yes
30,30,"ஊரா சி ஒ றிய வ க ப ள ,வட பா த ெத ப க ேம ப தி, லவ - 607205","1. லவ (வ.கி) ம (ஊ) ெந ெத , 2. லவ (வ.கி) ம (ஊ) வ ன ய வதி , 3. லவ (வ.கி) ம (ஊ) ேப ைடவதி , 4. லவ (வ.கி) ம (ஊ) ெப மா ேகாய ெத , 5. லவ (வ.கி) ம (ஊ) ப ைளயா ேகாய ெத , 6. லவ (வ.கி) ம (ஊ) பஜைனேகாய ெத",yes
31,31,"ஊரா சி ஒ றிய வ க ப ள ,கிழ பா த ேம க ட வட ப தி, லவ - 607205","1. லவ (வ.கி) ம (ஊ) ேம வ வ வதி , 2. லவ (வ.கி) ம (ஊ) மா ய ம ேகாய ெத , 3. லவ (வ.கி) ம (ஊ) ேம மாரம கல சாைல , 4. லவ (வ.கி) ம (ஊ) க ேகாய ெத , 5. லவ (வ.கி) ம (ஊ) பா ப ள , 6. லவ (வ.கி) ம (ஊ) க ேகாய ெத",yes
32,32,"ஊரா சி ஒ றிய வ க ப ள ,வட பா த ெத ப க கிழ ப தி, லவ - 607205","1. லவ (வ.கி) ம (ஊ) மா ய ம ேகாய ெத , 2. லவ (வ.கி) ம (ஊ) கீ காலன , 3. லவ (வ.கி) ம (ஊ) கிழ வ வ வதி , 4. லவ (வ.கி) ம (ஊ) ேவளாெவ காலன , 5. லவ (வ.கி) ம (ஊ) வ ளலா நக",yes
33,33,"ஊரா சி ஒ றிய வ க ப ள ,ெத பா த தியக ட ,திரா - 670205","1.திரா (வ.கி) ம (ஊ) திரா பாைளயகாலன , 2.திரா (வ.கி) ம (ஊ) திரா பாைளய , 3.திரா (வ.கி) ம (ஊ) மா ய ம ேகாய ெத , 4.திரா (வ.கி) ம (ஊ) திரா ெத ெத , 5.திரா (வ.கி) ம (ஊ) திரா கிராம , 6.திரா (வ.கி) ம (ஊ) ேம ெத காலன , 7.திரா (வ.கி) ம (ஊ) மா ய ம ேகாய ெத காலன , 8.திரா (வ.கி) ம (ஊ) கிழ ெத காலன , 9.திரா (வ.கி) ம (ஊ) ெத காலன , 10.திரா (வ.கி) ம (ஊ) ெத ெத காலன , 11.திரா (வ.கி) ம (ஊ) ந ெத காலன , 12.திரா (வ.கி) ம (ஊ) ேரா காலன .பாைளய , 13.திரா (வ.கி) ம (ஊ) கட ெமய ேரா காலன , 14.திரா (வ.கி) ம (ஊ) க ேகாய ெத",yes
34,34,"அரசின உய நிைல ப ள ,ேம க ட தி கிழ பா த ெத ப தி,ேம மாரம கல (வட ) - 607205","1.ேம மாரம கல (வ.கி) ம (ஊ) வா 1கிழ ெத , 2.ேம மாரம கல (வ.கி) ம (ஊ) வா 1ேம ெத , 3.ேம மாரம கல (வ.கி) ம (ஊ) வா 1ப ைளயா ேகாவ ெத , 4.ேம மாரம கல (வ.கி) ம (ஊ) வா 1, வா 2 தி ப",yes
35,35,"அரசின உய நிைல ப ள ,ெத க ட தி வட பா த கிழ ப தி,ேம மாரம கல (வட ) - 607205","1.ேம மாரம கல (வ.கி) ம (ஊ) வா 1, வா 2 ெப மா ேகாவ ெத , 2.ேம மாரம கல (வ.கி) ம (ஊ) வா 2 ெப மா ேகாவ ச ெத , 3.ேம மாரம கல (வ.கி) ம (ஊ) வா 2 டகார ச , 4.ேம மாரம கல (வ.கி) ம (ஊ) வா 2 மா ய ம ேகாய ெத , 5.ேம மாரம கல (வ.கி) ம (ஊ) வா 2 ெத , 6.ேம மாரம கல (வ.கி) ம (ஊ) வா 2 திெரௗபதிய ம ேகாவ ெத",yes
36,36,"ஊரா சி ஒ றிய வ க ப ள ,கிழ பா த க ட ேம ப தி,,ேம மாரம கல - 607205","1.ேம மாரம கல (வ.கி) ம (ஊ) வா 3 ஓ தவாைட ெத , 2.ேம மாரம கல (வ.கி) ம (ஊ) வா 3 ெத ெத , 3.ேம மாரம கல (வ.கி) ம (ஊ) வா 3 ந ெத",yes
37,37,"ஊரா சி ஒ றிய ந நிைல ப ள ,வட பா த க ட ,ேம ப தி,த டா பாைளய - 607205","1.ேம மாரம கள (வ.கி), த டா பாைளய (ஊ) ெத ெத , 2.ேம மாரம கள (வ.கி), த டா பாைளய (ஊ) அ யனா ேகாய ெத , 3.ேம மாரம கள (வ.கி), த டா பாைளய (ஊ) பைழய மா ய ம ேகாய ெத , 4.ேம மாரம கள (வ.கி), த டா பாைளய (ஊ) ெத 1 , 5.ேம மாரம கள (வ.கி), த டா பாைளய (ஊ) மா அ ம ேகாய ெத , 6.ேம மாரம கள (வ.கி), த டா பாைளய (ஊ) க வ ெத , 7.ேம மாரம கள (வ.கி), த டா பாைளய (ஊ) ெக ைக அ ம ேகாய ெத , 8.ேம மாரம கள (வ.கி), த டா பாைளய (ஊ) ெமய ெத , 9.ேம மாரம கள (வ.கி), த டா பாைளய (ஊ) ஒ தவா , 10.ேம மாரம கள (வ.கி), த டா பாைளய (ஊ) ேக. பாைளய ெமய ேரா , 11.ேம மாரம கள (வ.கி), த டா பாைளய (ஊ) ேக. பாைளய மா ய ம ேகாய ெத , 12.ேம மாரம கள (வ.கி), த டா பாைளய",yes
38,38,"ஊரா சி ஒ றிய ந நிைல ப ள ,கிழ ப க க ட தி வட பா த ேம ப தி,த டா பாைளய - 607205","1.ேம மாரம கள (வ.கி), த டா பாைளய (ஊ) ெமய ேரா , 2.ேம மாரம கள (வ.கி), த டா பாைளய (ஊ) கா தி நக , 3.ேம மாரம கள (வ.கி), த டா பாைளய (ஊ) ஆசா ெத , 4.ேம மாரம கள (வ.கி), த டா பாைளய (ஊ) ப ைளயா ேகாய ெத",yes
39,39,"ஊரா சி ஒ றிய ந நிைல ப ள ,கிழ ப க க ட தி கிழ பா த ேம ப தி,த டா பாைளய - 607205","1.ேம மாரம கள (வ.கி), த டா பாைளய (ஊ) ந ெத , 2.ேம மாரம கள (வ.கி), த டா பாைளய (ஊ) ெத 1 , 3.ேம மாரம கள (வ.கி), த டா பாைளய (ஊ) ெத 2 , 4.ேம மாரம கள (வ.கி), த டா பாைளய (ஊ) மா ய ம ேகாய ெத , 5.ேம மாரம கள (வ.கி), த டா பாைளய (ஊ) ள ேம ெத , 6.ேம மாரம கள (வ.கி), த டா பாைளய (ஊ) திெரௗபதிய ம ேகாய ெத",yes
40,40,"ஊரா சி ஒ றிய வ க ப ள ,ெத பா த ,ேம ப தி க ட ,,ேகாழி பா க - 607112","1.ேகாழி பா க (வ.கி) ம (ஊ) வா 1 மா ய ம ேகாவ ெத (ேகாழி பா க ஊ ) , 2.ேகாழி பா க (வ.கி) ம (ஊ) வா 1 திெரௗபதிய ம ேகாவ ெத (ேகாழி பா க ஊ ) , 3.ேகாழி பா க (வ.கி) ம (ஊ) வா 1 லி ெத (ேகாழி பா க ஊ ) , 4.ேகாழி பா க (வ.கி) ம (ஊ) வா 1 எ .ஜி.ஆ . நக (ேகாழி பா க ஊ ) , 5.ேகாழி பா க (வ.கி) ம (ஊ) வா 2 மா ய ம ேகாவ ெத (சி னபக ைட)",yes
41,41,"ஊரா சி ஒ றிய வ க ப ள ,ப ளா 1 ஆ .சி.சி. க ட வட ப க க ட தி ெத பா த கிழ ப தி,ேகாழி பா க - 607112","1.ேகாழி பா க (வ.கி) ம (ஊ) வா 3 பா ள (சி னபக ைட காலன ) , 2.ேகாழி பா க (வ.கி) ம (ஊ) வா 2 காரெத (சி னபக ைட) அைன",yes
42,42,"ஊரா சி ஒ றிய வ க ப ள ,ப ளா 1 ஆ .சி.சி. க ட ேம பா த ெத ப தி,ேகாழி பா க - 607112","1.ேகாழி பா க (வ.கி) ம (ஊ) வா 1 ேகாழி பா க காலன 1வ ெத , 2.ேகாழி பா க (வ.கி) ம (ஊ) வா 1 ேகாழி பா க காலன 2வ ெத , 3.ேகாழி பா க (வ.கி) ம (ஊ) வா 1 ேகாழி பா க காலன 3வ ெத , 4.ேகாழி பா க (வ.கி) ம (ஊ) வா 1 ேகாழி பா க காலன 4வ ெத , 5.ேகாழி பா க (வ.கி) ம (ஊ) வா 1 ேகாழி பா க காலன 5வ ெத , 6.ேகாழி பா க (வ.கி) ம (ஊ) வா 1 ேகாழி பா க காலன 6வ ெத , 7.ேகாழி பா க (வ.கி) ம (ஊ) வா 1 ேகாழி பா க காலன 7வ ெத , 8.ேகாழி பா க (வ.கி) ம (ஊ) வா 1 ேகாழி பா க காலன 8வ ெத , 9.ேகாழி பா க (வ.கி) ம (ஊ) வா 1 ேகாழி பா க காலன 9வ ெத , 10.ேகாழி பா க (வ.கி) ம (ஊ) வா 2 சிபாைளய 1வ ெத , 11.ேகாழி பா க (வ.கி) ம (ஊ) வா 2 சிபாைளய 2வ ெத , 12.ேகாழி பா க (வ.கி) ம (ஊ) வா 2 சிபாைளய 3வ ெத , 13.ேகாழி பா க (வ.கி) ம (ஊ) வா 2 சிபாைளய 4வ ெத (ெமய ேரா )",yes
43,43,"ஊரா சி ஒ றிய ந நிைல ப ள ,ேம ப தி வட பா த க ட ,சி னபக ைட - 607112","1.பக ைட (வ.கி) ம (ஊ) ெப யபக ைட மா ய ம ேகாவ ெத , 2.பக ைட (வ.கி) ம (ஊ) ெப யபக ைட பா கார ெத , 3.பக ைட (வ.கி) ம (ஊ) சி னபக ைட அ யனா ேகாவ ெத , 4.பக ைட (வ.கி) ம (ஊ) சி னபக ைட ெப மா ேகாவ ெத",yes
44,44,"ஊரா சி ஒ றிய ந நிைல ப ள ,ேம பா த க ட ெத ப தி,சி னபக ைட - 607112","1.பக ைட (வ.கி) ம (ஊ) சி னபக ைட ெர யா ெத , 2.பக ைட (வ.கி) ம (ஊ) சி னபக ைட ப ைளயா ேகாவ ெத , 3.பக ைட (வ.கி) ம (ஊ) சி னபக ைட க மாள ெத , 4.பக ைட (வ.கி) ம (ஊ) பரமண ய ர , 5.பக ைட (வ.கி) ம (ஊ) சி னபக ைட திெரௗபதிய ம ேகாவ ெத",yes
45,45,"ஆதிதிராவ ட நல வ க ப ள ,ெத பா த வட ப க க ட கிழ ப தி,ெகா கராய - 607112","1.ெகா கராய (வ.கி) ம (ஊ) சி னெத , 2.ெகா கராய (வ.கி) ம (ஊ) க வ ெத , 3.ெகா கராய (வ.கி) ம (ஊ) ப ள டெத , 4.ெகா கராய (வ.கி) ம (ஊ) மா ய ம ேகாய ெத",yes
46,46,"ஆதிதிராவ ட நல வ க ப ள ,ெத பா த வட ப க க ட ேம ப தி,ெகா கராய - 607104","1.ெகா கராய (வ.கி) ம (ஊ) ள ேம ெத , 2.ெகா கராய (வ.கி) ம (ஊ) ெசாைச ெத , 3.ெகா கராய (வ.கி) ம (ஊ) ெகா கராய ெப யகாலன , 4.ெகா கராய (வ.கி) ம (ஊ) ெகா கராய சி னகாலன",yes
47,47,"ஊரா சி ஒ றிய வ க ப ள , திய க ட ேம பா த வட ப தி,எ . பாைளய - 607104","1.ெகா கராய (வ.கி) ம (ஊ) க ேகாய ெத , 2.ெகா கராய (வ.கி) ம (ஊ) வ நாயக ேகாய ெத , 3.ெகா கராய (வ.கி) ம (ஊ) ெப யேகாய ெத , 4.ெகா கராய (வ.கி) ம (ஊ) ெர யா ெத , 5.ெகா கராய (வ.கி) ம (ஊ) யவ ெத , 6.ெகா கராய (வ.கி) ம (ஊ) வட மா ய ம ேகாய ெத , 7.ெகா கராய (வ.கி) ம (ஊ) ெகாச பாைளய காலன , 8.ெகா கராய (வ.கி) ம (ஊ) ெத",yes
48,48,"அர உய நிைல ப ள ,கிழ பா த வட ப தி,ேம ப டா பா க ேப ரா சி - 607104","1.ேம ப டா பா க (ேப) வா 1, சி திவ னாயக ேகாவ , 2.ேம ப டா பா க (ேப) வா 2, மா ய ம ேகாவ ெத , 3.ேம ப டா பா க (ேப) வா 3, ல மி ர ேதா ெத , 4.ேம ப டா பா க (ேப) வா 3, ல மி ர மா ய ம ேகாய ெத , 5.ேம ப டா பா க (ேப) வா 3, ல மி ர , 6.ேம ப டா பா க (ேப) வா 3, ல மி ர ற ேபா , 7.ேம ப டா பா க (ேப) வா 3, ெத 1 , 8.ேம ப டா பா க (ேப) வா 3, ெத 2 , 9.ேம ப டா பா க (ேப) வா 4, சைப ெத",yes
49,49,"அர உய நிைல ப ள ,ெத பா த க ட தி கிழ ப தி அைற எ - 3,ேம ப டா பா க ேப ரா சி - 607104","1.ேம ப டா பா க (ேப) வா 4, வ .வ .ஆ நக , 2.ேம ப டா பா க (ேப) வா 4, மா க ெத 1 , 3.ேம ப டா பா க (ேப) வா 4, மா க ெத 2 , 4.ேம ப டா பா க (ேப) வா 4, மா க ெத 3 , 5.ேம ப டா பா க (ேப) வா 4, மா க ெத 4 , 6.ேம ப டா பா க (ேப) வா 6, ெமய ேரா",yes
50,50,"அரசினா உய நிைல ப ள ,ெத பா த க ட தி கிழ ப தி அைற எ - 2,ேம ப டா பா க ேப ரா சி - 607104","1.ேம ப டா பா க (ேப) வா 7, நாராய ர , 2.ேம ப டா பா க (ேப) வா 7, வ னாயக ேகாய ெத , 3.ேம ப டா பா க (ேப) வா 8, ெவ ளால ெத , 4.ேம ப டா பா க (ேப) வா 5, ெரௗபதிய ம ேகாய ெத , 5.ேம ப டா பா க (ேப) வா 5, ள ேம ெத 1 , 6.ேம ப டா பா க (ேப) வா 5, ள ேம ெத 2 , 7.ேம ப டா பா க (ேப) வா 5, ள ேம ெத",yes
51,51,"ஊரா சி ஒ றிய ெப க ந நிைல ப ள ,ெத பா த ேம ப தி,ேம ப டா பா க ேப ரா சி - 607104","1.ேம ப டா பா க (ேப) வா 10, ேம அ காள ம ேகாய ெத , 2.ேம ப டா பா க (ேப) வா 11, கிழ அ காள ம ேகாய ெத , 3.ேம ப டா பா க (ேப) வா 13ெப மா ேகாய ெத",yes
52,52,"ஊரா சி ஒ றிய ெப க ந நிைல ப ள ,வட பா த ெத க ட ,ேம ப டா பா க ேப ரா சி - 607104","1.ேம ப டா பா க (ேப) வா 8, ெத , 2.ேம ப டா பா க (ேப) வா 9, ஏ பா ைட வதி , 3.ேம ப டா பா க (ேப) வா 9, ஏ ேப ைட ெத , 4.ேம ப டா பா க (ேப) வா 9, இ திரா நக , 5.ேம ப டா பா க (ேப) வா 9, ெவ ைள வ னாயக ேகாய",yes
53,53,"ஊரா சி ஒ றிய ந நிைல ப ள (ெப க ),கிழ ேம க ட ெத பா த கிழ ப தி,,ேம ப டா பா க ேப ரா சி - 607104","1.ேம ப டா பா க (ேப) வா 11, க மாள ெத , 2.ேம ப டா பா க (ேப) வா 12, கீ மாட வதி , 3.ேம ப டா பா க (ேப) வா 12, சி காரேப ைட , 4.ேம ப டா பா க (ேப) வா 12, ந த மா நக , 5.ேம ப டா பா க (ேப) வா 12, ந த மா ெத 1 , 6.ேம ப டா பா க (ேப) வா 12, ந த மா நக ெத 2 , 7.ேம ப டா பா க (ேப) வா 12, ந த மா நக ெத 3 , 8.ேம ப டா பா க (ேப) வா 14, காமராஜ நக",yes
54,54,"ஊரா சி ஒ றிய ந நிைல ப ள (ெப க ),கிழ ேம க ட வட பா த ேம ப தி்,ேம ப டா பா க ேப ரா சி - 607104","1.ேம ப டா பா க (ேப) வா 15, ெர யா ெத , 2.ேம ப டா பா க (ேப) வா 15, சிவ ேகாய ெத , 3.ேம ப டா பா க (ேப) வா 14, ள ேம ெத , 4.ேம ப டா பா க (ேப) வா 15, ேம ப டா பா க",yes
55,55,"நகரா சி வ க ப ள ,ெத பா த க ட ,வ வநாத ர ெந லி ப நகரா சி - 607105","1.ெந லி ப (ந) வா 1 நக , 2.ெந லி ப (ந) வா 1 ெந ெத , 3.ெந லி ப (ந) வா 1 ேம ெத , 4.ெந லி ப (ந) வா 1 யாதவ ெத , 5.ெந லி ப (ந) வா 1 ெச யா ெத , 6.ெந லி ப (ந) வா 1 ச வதி , 7.ெந லி ப (ந) வா 1 கிழ ெத , 8.ெந லி ப (ந) வா 1 ேகாவ ெத , 9.ெந லி ப (ந) வா 1 அ யனா ேகாவ ெத , 10.ெந லி ப (ந) வா 1 ெந ெத ச ெதா ெத , 11.ெந லி ப (ந) வா 1 ேம ெத தி ப தி",yes
56,56,"சாரதா நிைலய அர உதவ ெப வ க ப ள ,கிழ க ட வட பா த கிழ ப தி,வா பா க ெந லி ப நகரா சி - 607105","1.ெந லி ப (ந) வா 2 வா பா க ெமய ேரா , 2.ெந லி ப (ந) வா 2 சாணா ெத , 3.ெந லி ப (ந) வா 2 சி ன ெத , 4.ெந லி ப (ந) வா 2 வா பா க நக ெப ய ெத , 5.ெந லி ப (ந) வா 2 வ வ ெத",yes
57,57,"சாரதா நிைலய அர உதவ ெப வ க ப ள ,கிழ ேம க ட ெத பா த அைற கிழ ப தி ,வா பா க ெந லி ப நகரா சி - 607105","1.ெந லி ப (ந) வா 2 மா ய ம ேகாய ெத ,2.ெந லி ப (ந) வா 2 ெர யா ெத ,3.ெந லி ப (ந) வா 2 பா வா ெத , 4.ெந லி ப (ந) வா 2 கி ணா நக , 5.ெந லி ப (ந) வா 2 வ னாயக ேகாய ெத",yes
58,58,"நகரா சி ந நிைல ப ள ,வட பா த க ட கிழ ப தி, ள கிரா ப ெந லி ப நகரா சி - 607105","1.ெந லி ப (ந) வா 3 மா ய ம ேகாய ெத 1 , 2.ெந லி ப (ந) வா 3 ப ைளயா ேகாய ெத , 3.ெந லி ப (ந) வா 3 மா ய ம ேகாய ெத 2 , 4.ெந லி ப (ந) வா 3 அ ேப கா ெத , 5.ெந லி ப (ந) வா 3 அ யனா ேகாய ெத",yes
59,59,"அர ஆ க ேம நிைல ப ள ,ெத ேம ப க திய க ட தி கிழ பா த ெத ப தி, ள கிரா ப ெந லி ப நகரா சி - 607105","1.ெந லி ப (ந) வா 24 ேக.எ .ஏ.ஆ . ேரா , 2.ெந லி ப (ந) வா 5 பாரதியா வதி 1வ ெத , 3.ெந லி ப (ந) வா 5 பாரதியா ச , 4.ெந லி ப (ந) வா 5 வ.உ.சி. ெத , 5.ெந லி ப (ந) வா 5 ம னா ெத , 6.ெந லி ப (ந) வா 4 தி ள",yes
60,60,"அர ஆ க ேம நிைல ப ள , த இர வ க ட வடேம க ட ெத பா த ேம ப க","1.ெந லி ப (ந) வா 5 ேக.எ .ஏ.ஆ .ேரா (க. எ 1 58 வா 4) , 2.ெந லி ப (ந) வா 4 பன ேதா , 3.ெந லி ப (ந) வா 4 ெத , 4.ெந லி ப (ந) வா 3 ெதா ெத , 5.ெந லி ப (ந) வா 3 ஆேரா கியசாமி ெத",yes
61,61,"அரசினா ஆ க ேம நிைல ப ள , த இர வ க ட ெத பா த வட ப க க ட கிழ ப தி,ெந லி ப நகரா சி - 607105","1.ெந லி ப (ந) வா 3 பா பாய அ மா ெத , 2.ெந லி ப (ந) வா 5 ஓ அ ம ேகாய ெத , 3.ெந லி ப (ந) வா 4 ள கிரா ப ேரா",yes
62,62,"அர ஆ க ேம நிைல ப ள ,ெத ேம ப க திய க ட தி கிழ பா த வட ப தி,ெந லி ப நகரா சி - 607105",1.ெந லி ப (ந) வா 5 அறிஞ அ ணா நக 1,yes
63,63,"அரசினா ஆ க ேம நிைல ப ள ,கிழ பா தத ெத ப க அைற க பா அைற,ெந லி ப நகரா சி - 607105","1.ெந லி ப (ந) வா 6 அறிஞ அ ணா நக 2 , 2.ெந லி ப (ந) வா 5 நகர தி ெதாழிலாள காலன அைன",yes
64,64,"நகரா சி வ க ப ள ,ேம க ட கிழ பா த ெத ப தி,ெந லி ப நகரா சி - 607105","1.ெந லி ப (ந) வா 9, தமி க மார ெத , 2.ெந லி ப (ந) வா 8, க மார ெத",yes
65,65,"நகரா சி வ க ப ள ,கிழ க ட கிழ பா த ேம ப தி,ெந லி ப நகரா சி - 607105","1.ெந லி ப (ந) வா 6, கீ காலன , 2.ெந லி ப (ந) வா 6, ராஜாஜ வதி , 3.ெந லி ப (ந) வா 22, ேக.எ .ஏ.ஆ .ேரா",yes
66,66,"நகரா சி வ கப ள ,கிழ பா த ந ப திய ேம க ட வட ப தி,ேகஎ ஏ ஆ ேரா ெந லி ப நகரா சி - 607105","1.ெந லி ப (ந) வா 8, ேம ெத , 2.ெந லி ப (ந) வா 22, ெத 2 , 3.ெந லி ப (ந) வா 22, ெத , அைன",yes
67,67,"நகரா சி வ கப ள ,கிழ பா த க ட ெத ப தி ,ேகஎ ஏ ஆ ேரா ெந லி ப நகரா சி - 607105","1.ெந லி ப (ந) வா 22, ெமௗலானா அ க ெத , 2.ெந லி ப (ந) வா 9, தி .வ .க.ெத",yes
68,68,"ஆ .ஆ . ெம ேலஷ ப ள ,ெத ப தி வட பா த கிழ ப க க ட அைற எ 1,ெந லி ப நகரா சி - 607105","1.ெந லி ப (ந) வா 7,ஏ.வ .ஜி ெத , 2.ெந லி ப (ந) ரா ெத , 3.ெந லி ப (ந) வா 7,வா பா க ைல , 4.ெந லி ப (ந) வா 9,நாகசாமி ெத , 5.ெந லி ப (ந) வா 9 ராஜாஜி ெத , 6.ெந லி ப (ந) வா 7, அ காள ம ேகாவ ெத",yes
69,69,"ஆ .ஆ . ெம ேலஷ ப ள ,ெத ப தி வட பா த கிழ ப க க ட அைற எ . 2,ெந லி ப நகரா சி - 607105","1.ெந லி ப (ந) வா 7, ைகலாசநாத ேகாவ ெத",yes
70,70,"ஆ .ஆ . ெம ேலஷ ப ள ,ெத ப தி வட பா த கிழ ப க க ட அைற எ 3,ெந லி ப நகரா சி - 607105","1.ெந லி ப (ந) வா 10 சாலிவாகன ெத , 2.ெந லி ப (ந) வா 10 அ ணாமைல ெத , 3.ெந லி ப (ந) வா 10 ரா ெத , 4.ெந லி ப (ந) வா 11 ரா ெத (தி ப ) , 5.ெந லி ப (ந) வா 11 தி ப ெத , 6.ெந லி ப (ந) வா 10 ப களா ெத",yes
71,71,"ஆ .ஆ . ெம ேலஷ ப ள ,ெத ப தி வட பா த கிழ ப க க ட அைற எ 4,ெந லி ப நகரா சி - 607105","1.ெந லி ப (ந) வா 10 ைவ தியலி ெத , 2.ெந லி ப (ந) வா 9 கா தி ெத , 3.ெந லி ப (ந) வா 11 கா தி நக 1 , 4.ெந லி ப (ந) வா 11 கா தி நக 2 , 5.ெந லி ப (ந) வா 7 வா பா க ேரா , 6.ெந லி ப (ந) வா 11 தாக நக",yes
72,72,"ேடன மிஷ ேம நிைல ப ள ,ெவ ட ஹா ெத பா த க ட ேம ப தி,ேக.எ .ஏ.ஆ . ேரா ெந லி ப நகரா சி - 607105","1.ெந லி ப (ந) வா 10 க தசாமி ெத , 2.ெந லி ப (ந) வா 11 ர தின ெத , 3.ெந லி ப (ந) வா 11 ைவ தியநாத ெத",yes
73,73,"ேடன மிஷ ேம நிைல ப ள ,ெவ ட ஹா ெத பா த க ட கிழ ப தி,ேக.எ .ஏ.ஆ . ேரா ெந லி ப நகரா சி - 607105","1.ெந லி ப (ந) வா 11 வஜ கா ெத , 2.ெந லி ப (ந) வா 11 ராஜ கா தி நக த ெத , 3.ெந லி ப (ந) வா 11 ராஜ கா தி நக இர டாவ ெத , 4.ெந லி ப (ந) வா 11 ராஜ கா தி நக றாவ ெத , 5.ெந லி ப (ந) வா 11 ராஜ கா தி நக ஐ தாவ ெத , 6.ெந லி ப (ந) வா 11 ராஜ கா தி நக 6வ ெத , 7.ெந லி ப (ந) வா 11 ராஜ கா தி நக 1வ ெத , 8.ெந லி ப (ந) வா 11 ராஜ கா தி நக 2வ ெத , 9.ெந லி ப (ந) வா 11 ராஜ கா தி நக வ வா க",yes
74,74,"ேடன மிஷ ேம நிைல ப ள , தியக ட தி கிழ ப தி ராப ப ளா ,ேகஎ ஏ ஆ ேரா ெந லி ப - 607105","1.ெந லி ப (ந) வா 13 வட ெத , 2.ெந லி ப (ந) வா 13 மா ய ம ேகாய எதி ெத , 3.ெந லி ப (ந) வா 13 மா ெத , 4.ெந லி ப (ந) வா 13 மா ெத 1 , 5.ெந லி ப (ந) வா 13 மா ெத 2 , 6.ெந லி ப (ந) வா 13 மா ெத 3 , 7.ெந லி ப (ந) வா 13 மா ெத 4 , 8.ெந லி ப (ந) வா 12 மாமா ய ம ேகாய ெத 2",yes
75,75,"ேடன மிஷ ேம நிைல ப ள ,ேம ப க திய க ட ராப ப ளா ,ேக எ ஏ ஆ ேரா ெந லி ப - 607105","1.ெந லி ப (ந) வா 12 மாேசாழவ ள ெமய ேரா ,2.ெந லி ப (ந) வா 12 1வ ெத ,3.ெந லி ப (ந) வா 12 2வ ெத , 4.ெந லி ப (ந) வா 12 3வ ெத , 5.ெந லி ப (ந) வா 12 மா ய ம ேகாய ெத",yes
76,76,"ேடன மிஷ ேம நிைல ப ள , திய க ட ராப ப ளா ேம ப தி ,ேக எ ஏ ஆ ேரா ெந லி ப - 607105","1.ெந லி ப (ந) வா 12 ெத -வட வதி ,2.ெந லி ப (ந) வா 12 ைவ தியலி க ெத , 3.ெந லி ப (ந) வா 12 ம ைதெவள ெத , 4.ெந லி ப (ந) வா 12 கீழ காலன 1வ ெத ,5.ெந லி ப (ந) வா 12 கீழ காலன 2வ ெத ,6.ெந லி ப (ந) வா 12 கீழ காலன 3வ ெத ,7.ெந லி ப (ந) வா 12 கீழ காலன 4வ ெத ,8.ெந லி ப (ந) வா 12 கீழ காலன 5வ ெத ,9.ெந லி ப (ந) வா 12 கீழ காலன 6வ ெத , 10.ெந லி ப (ந) வா 12 கீழ காலன 7வ ெத ,11.ெந லி ப (ந) வா 12 நக",yes
77,77,"நகரா சி உய நிைல ப ள ,ெத க ட கிழ பா த ெத ப தி கைடசி அைற,தி க ேட வர ெந லி ப நகரா சி - 607105","1.ெந லி ப (ந) வா 14 தி க ேட வர க ேப ைட ெத , 2.ெந லி ப (ந) வா 13 கீ மாடவதி , 3.ெந லி ப (ந) வா 13 வட மாடவதி , 4.ெந லி ப (ந) வா 13 ேம மாடவதி , 5.ெந லி ப (ந) வா 13 ெத மாடவதி , 6.ெந லி ப (ந) வா 13 ஈ வர ேகாய ெத , 7.ெந லி ப (ந) வா 14 ெர ெத , 8.ெந லி ப (ந) வா 14 க ட ெத , 9.ெந லி ப (ந) வா 14 த கேவ தலி ெத , 10.ெந லி ப (ந) வா 13 வ வநாத ர ேரா , 11.ெந லி ப (ந) வா 14 ஒ ட ேப ைட",yes
78,78,"நகரா சி உய நிைல ப ள ,ெத க ட கிழ பா த வட ப தி த அைற,தி க ேட வர ெந லி ப நகரா சி - 607105","1.ெந லி ப (ந) வா 14 ேம ெத , 2.ெந லி ப (ந) வா 14 தி க ேட வர ேதா ெத , 3.ெந லி ப (ந) வா 14 தி க ேட வர ெமய ேரா",yes
79,79,"ேடன மிஷ வ க ப ள ,ேம பா த திய க ட தி ெத ப தி,வாழ ப ெந லி ப நகரா சி - 607105","1.ெந லி ப (ந) வா 15 தா கி(வாழ ப ) , 2.ெந லி ப (ந) வா 15 க ப நக , 3.ெந லி ப (ந) வா 15 ெத , 4.ெந லி ப (ந) வா 15 ப ள ெத , 5.ெந லி ப (ந) வா 15 ெத 2 , 6.ெந லி ப (ந) வா 15 நக , 7.ெந லி ப (ந) வா 15 அ ணா சல ெத , 8.ெந லி ப (ந) வா 16 திெரௗபதிய ம ேகாய ெத , 9.ெந லி ப (ந) வா 16 ப ைளயா ேகாய ெத",yes
80,80,"ேடன மிஷ வ க ப ள ,வட பா த ெத ப தி க ட ,வாழ ப ெந லி ப நகரா சி - 607105","1.ெந லி ப (ந) வா 15 வா கா ெத , 2.ெந லி ப (ந) வா 15 ேம ெத , 3.ெந லி ப (ந) வா 15 ேகாய ெத அைன",yes
81,81,"ஏ. எ . சி க வ ய ய க ,கிழ பா த க ட வட ப தி,ஜவாநக ம ராசாவ தா கி சாவ ெந லி ப - 607105","1.ெந லி ப (ந) வா 16 தா கி மா ய ம ேகாய வதி , 2.ெந லி ப (ந) வா 16 வ ணார ேப ைட ெத , 3.ெந லி ப (ந) வா 16 ேஜாதி நக , 4.ெந லி ப (ந) வா 16 ஜவா நக பா ைட , 5.ெந லி ப (ந) வா 16 பலரா நக , 6.ெந லி ப (ந) வா 16 கி ண நக , 7.ெந லி ப (ந) வா 16 தா கி கா ப , 8.ெந லி ப (ந) வா 16 ந மதா நக , 9.ெந லி ப (ந) வா 16 ெமய ேரா",yes
82,82,"ஏ. எ . சி க வ ய ய க ,கிழ பா த க ெத ப தி,ஜவாநக ம ராசாவ தா கி சாவ ெந லி ப - 607105","1.ெந லி ப (ந) வா 16 ஜவா நக 1வ ெத , 2.ெந லி ப (ந) வா 16 ஜவா நக 2வ ெத , 3.ெந லி ப (ந) வா 16 ஜவா நக 3வ ெத , 4.ெந லி ப (ந) வா 16 ஜவா நக 4வ ெத , 5.ெந லி ப (ந) வா 16 ஜவா நக 5வ ெத , 6.ெந லி ப (ந) வா 16 ஜவா நக 6வ ெத , 7.ெந லி ப (ந) வா 16 ெப மா நக , 8.ெந லி ப (ந) வா 16 வ ணார ேப ைட , 9.ெந லி ப (ந) வா 16 தா கி ம த கைர , 10.ெந லி ப (ந) வா 16 இ.ஐ. பா ேசாழவ ள காலன , 11.ெந லி ப (ந) வா 16 தா கி ெமய",yes
83,83,"ேடன மிஷ ேம நிைல ப ள ,ேம ற தி உ ள கிழ பா த க ட ,வா -18 ேக.ஏ.எ .ஆ .ேரா ெந லி ப நகரா சி - 607105","1.ெந லி ப (ந) வா 17, ேக.எ .ஏ.ஆ ேரா , 2.ெந லி ப (ந) வா 17, ைவட பா க ெச ல வ னாயக ேகாய ெத , 3.ெந லி ப (ந) வா 17, ைவடபா க (பைழய மண ய கார வதி) , 4.ெந லி ப (ந) வா 17, ந ெத , 5.ெந லி ப (ந) வா 17, ேசாழவ லி வா ட , 6.ெந லி ப (ந) வா 17, D.M.H.S கா ப",yes
84,84,"ேடன மிஷ ேம நிைல ப ள ,ேம ற உ ள கிழ பா த கீ தள தி ைமய அைற,ேக எ ஏ.ஆ ேரா ெந லி ப நகரா சி - 607105","1.ெந லி ப (ந) வா 18 வ மா வதி , 2.ெந லி ப (ந) வா 18 தமி சி பாைளய , 3.ெந லி ப (ந) வா 18 தமி ேம ெத , 4.ெந லி ப (ந) வா 18 ைவ தியநாத ெத",yes
85,85,"ேடன மிஷ ேம நிைல ப ள ,கிழ பார த ேம ப தி க ட ,ேக எ ஏஆ ேரா ெந லி ப நகரா சி - 607105","1.ெந லி ப (ந) வா 18 கி ண ெத , 2.ெந லி ப (ந) வா - 19 ெகா பாப ள ெத -1 , 3.ெந லி ப (ந) வா -19 ெகா பாப ள ெத -2 அைன",yes
86,86,"நகரா சி வ க ப ள ,ேம பா த திய க ட தி கீ தள ,ெதாழி சாைல சாைல ெந லி ப நகரா சி - 607105","1.ெந லி ப (ந) வா 19 சாமிநாத ெத , 2.ெந லி ப (ந) வா 19 ச திர ெத , 3.ெந லி ப (ந) வா 19 பாரதிதாச ெத , 4.ெந லி ப (ந) வா 20 ேமாைர ெத , 5.ெந லி ப (ந) வா 20 ேமாைர ைவ திய ெத , 6.ெந லி ப (ந) வா 20 ேமாைர ேம ெத , 7.ெந லி ப (ந) வா 20 ஆைல ேரா ேமாைரேம ெத (க அப வ , 8.ெந லி ப (ந) வா 20 ஜவா வா ட , 9.ெந லி ப (ந) வா 20 பா கிள வா ட",yes
87,87,"நகரா சி வ க ப ள (ேம ),ெத பா த திய க ட கிழ ப தி,ெதாழி சாைல சாைல ெந லி ப நகரா சி - 607105","1.ெந லி ப (ந) வா 21 ேக.எ .ஏ.ஆ .ேரா , 2.ெந லி ப (ந) வா 21 ப ரஸிெட அ அம ேரா , 3.ெந லி ப (ந) வா 21 ஒ ற வாைட ெத , 4.ெந லி ப (ந) வா 21 கம நக",yes
88,88,"நகரா சி வ க ப ள (ேம ),ெத பா த திய க ட ேம ப தி,ெதாழி சாைல சாைல ெந லி ப நகரா சி - 607105","1.ெந லி ப (ந) வா 21 காலன , 2.ெந லி ப (ந) வா 21 ரய ேவ பட ேரா ,3.ெந லி ப (ந) வா 21 ரய ேவ காலன , 4.ெந லி ப (ந) வா 21 ெத",yes
89,89,"மத ஷாெச ப யா ப ள ,கிழ பா த வட ப தி,ைத கா ெத ெந லி ப நகரா சி - 607105","1.ெந லி ப (ந) வா 23 ெப ய ெத , 2.ெந லி ப (ந) வா 23 காய ேத மி ல ெத (எ ைலச ) , 3.ெந லி ப (ந) வா 23 நேடச ெத",yes
90,90,"மத ஷா ெச ப யா ப ள ,ெத பா தத க ட ெத ப தி,ைத கா ெத ெந லி ப நகரா சி - 607105","1.ெந லி ப (ந) வா 26 ெமௗலவ அ ர மா ெத , 2.ெந லி ப (ந) வா 26 அ லியா நக ,3.ெந லி ப (ந) வா 26 ைத கா ெத",yes
91,91,"மத ஷா ெச ப யா ப ள ,வட பா தத க ட வட ப தி,ைத கா ெத ெந லி ப நகரா சி - 607105","1.ெந லி ப (ந) வா 26 தா ேப ைட ெத ,2.ெந லி ப (ந) வா 26 ஷ ப யா நக",yes
92,92,"ெசய ெடாமின ேசவ ேயா ெம ேம நிைல ப ள ,ேம பா த க ட ெத ப க அைற எ 2, ள கிரா ப ேரா ெந லி ப நகரா சி - 607105","1.ெந லி ப (ந) வா 25 ேலாக நாத ேகாய ெத , 2.ெந லி ப (ந) வா 25 மைறமைல அ களா ெத , 3.ெந லி ப (ந) வா 25 காமரா நக , 4.ெந லி ப (ந) வா 25 காமாரா நக (ேக.எ .ஏ.ஆ சாைல)",yes
93,93,"ெசய ெடாமின ேசவ ேயா ெம ேம நிைல ப ள ,ேம பா த க ட ேம ப க அைற எ 2, ள கிரா ப ேரா ெந லி ப நகரா சி - 607105","1.ெந லி ப (ந) வா 24 ஈ.ஐ. .ேகாவா ேர காலன (ஜானகிரா நக ) , 2.ெந லி ப (ந) வா 24 த ைத ெப யா ெத , 3.ெந லி ப (ந) வா 24 த ைத ெப யா ெத ச -1 ,4.ெந லி ப (ந) வா 24 ப மாவதி நக",yes
94,94,"ெசய ெடாமின ேசவ ேயா ெம ேம நிைல ப ள ,ேம பா த க ட வட ப தி இய ப ய ஆ ட , ள கிரா ப ேரா ெந லி ப நகரா சி - 607105","1.ெந லி ப (ந) வா 24 த ைத ெப யா ெத ச -2 2.ெந லி ப (ந) வா 24 ேதவநாத நக , 3.ெந லி ப (ந) வா 24 மா தி நக , 4.ெந லி ப (ந) வா 24 KSAR ேரா ,5.ெந லி ப (ந) வா 24 ெப யா ெத ச சிெம ெத",yes
95,95,"நகரா சி வ க ப ள ,ெத ப க கிழ ப தி,தி வ வ நக கீ பாதி ெந லி ப நகரா சி - 607105","1.ெந லி ப (ந) வா 27 வ வ நக 1வ ெத , 2.ெந லி ப (ந) வா 27, தி வ வ நக 2வ ெத , 3.ெந லி ப (ந) வா 28, பர ட அ அம ேரா",yes
96,96,"ேடன மிஷ வ க ப ள ,கிழ பா த ேம க ட வட ப தி,ைவட பா க ெந லி ப நகரா சி - 607105","1.ெந லி ப (ந) வா 30 சரவண ர மா ய ம ேகாய ெத , 2.ெந லி ப (ந) வா 30 பாரதியா ெத , 3.ெந லி ப (ந) வா 30 வ வ ெத , 4.ெந லி ப (ந) வா 30 வ.உ.சி. ெத , 5.ெந லி ப (ந) வா 30 ெப யா ெத , 6.ெந லி ப (ந) வா 30 ேநதாஜி ெத , 7.ெந லி ப (ந) வா 30 க ப ெத , 8.ெந லி ப (ந) வா 30 த ெத , 9.ெந லி ப (ந) வா 30 க க ெத , 10.ெந லி ப (ந) வா 30 3-வ ெத , 11.ெந லி ப (ந) வா 30 ஒ றவாைட ெத",yes
97,97,"ஆதிதிராவ ட நல மாணவ வ தி,ெத பா த வட ெத க ட ,சிவச க நக ைவட பா க ேரா ெந லி ப நகரா சி - 607105","1.ெந லி ப (ந) வா 30 சிவச க நக மா ய ம ேகாவ ெப ய ெத , 2.ெந லி ப (ந) வா 30 ெத , 3.ெந லி ப (ந) வா 30 சி ன ெத , 4.ெந லி ப (ந) வா 30 1-வ ெத , 5.ெந லி ப (ந) வா 30 2-வ ெத , 6.ெந லி ப (ந) வா 30 3-வ ெத",yes
98,98,"ேராம க ேதாலி ந நிைல ப ள ,வட பா த கிழ ப தி,ப .ஏ.எ .ேரா ேம பாதி ெந லி ப - 607105","1.ெந லி ப (ந) வா 20, ேமாைர எவர ர , 2.ெந லி ப (ந) வா 20, கி ெப ெத , 3.ெந லி ப (ந) வா 28, ப ள ெத , 4.ெந லி ப (ந) வா 28, ப ள ேம ெத , 5.ெந லி ப (ந) வா 28, ப ள ெத பா நக , 6.ெந லி ப (ந) வா 28, ப .ஏ.எ .ஆ ேம பாதி",yes
99,99,"நகரா சி வ க ப ள ,ெத பா த திய க ட ேம ப தி,வா 28 ப .ஏ.எ .ேரா ேம பாதி ெந லி ப நகரா சி - 607105","1.ெந லி ப (ந) வா 28 சித பர ெத , 2.ெந லி ப (ந) வா 28 ஆ க ெத , 3.ெந லி ப (ந) வா 28 காள ய ம ேகாய ெத , 4.ெந லி ப (ந) வா 28 ப ரசிெட அ அம ேரா , 5.ெந லி ப (ந) வா 28 ப ைளயா ேகாய ெத , 6.ெந லி ப (ந) வா 28 ேம பாதி ெத , 7.ெந லி ப (ந) வா 29 கீ பாதிெநச பா ைட",yes
100,100,"ஆதிதிராவ ட நல ப ள ,ெத பார த திய க ட கிழ ப தி,ப .ஏ.எ .ேரா ேம பாதி ெந லி ப நகரா சி - 607105","1.ெந லி ப (ந) வா 28 ெத ேம பாதி , 2.ெந லி ப (ந) வா 29 கீ பாதி ப ,3.ெந லி ப (ந) வா 29 வாமி சகஜா ந தா நக , 4.ெந லி ப (ந) வா 29 ப .எ.ஹ ேரா 5.ெந லி ப (ந) வா 29 இ திரா நக",yes
101,101,"ஆதிதிராவ ட நல ப ள ,ெத பார த திய க ட ேம ப தி,ப .ஏ.எ .ேரா ேம பாதி ெந லி ப நகரா சி - 607105","1.ெந லி ப (ந) வா 29 டா ட . அ ேப கா நக , 2.ெந லி ப (ந) வா 29 ேம பாதி அ ததி நக , 3.ெந லி ப (ந) வா 29 மா ய ம ேகாய ெத -",yes
102,102,"கிராம ேசைவைமய ,ேம பா த க ட ெத ப தி,ெப மா நாய க பாைளய , ேம ப டா பா க - 607104","1.ெப மா நாய க பாைளய (வ.கி) ம (ஊ) வ நாயக ேகாய ெத , 2.ெப மா நாய க பாைளய (வ.கி) ம (ஊ) மா ய ம ேகாய ெத , 3.ெப மா நாய க பாைளய (வ.கி) ம (ஊ) எ .ஜி.ஆ ெத , 4.ெப மா நாய க பாைளய (வ.கி) ம (ஊ) க ைகஅ ம ேகாய ெத , 5.ெப மா நாய க பாைளய (வ.கி) ம (ஊ) காமரா ெத , 6.ெப மா நாய க பாைளய (வ.கி) ம (ஊ) கா தவராய ேகாய ெத 5",yes
103,103,"கிராம ேசைவைமய ,ேம பா த க ட வட ப தி,ெப மா நாய க பாைளய ேம ப டா பா க - 607104","1.ெப மா நாய க பாைளய (வ.கி) ம (ஊ) கா தவராய ேகாய ெமய ெத , 2.ெப மா நாய க பாைளய (வ.கி) ம (ஊ) தி .வ .க சாைல , 3.ெப மா நாய க பாைளய (வ.கி) ம (ஊ) ஈ.ேவ.ரா ெப யா சாைல , 4.ெப மா நாய க பாைளய (வ.கி) ம (ஊ) மா ய ம ேகாய ெத காலண , 5.ெப மா நாய க பாைளய (வ.கி) ம (ஊ) கா தவராய ேகாய ெத 1 , 6.ெப மா நாய க பாைளய (வ.கி) ம (ஊ) கா தவராய ேகாய ெத 2 , 7.ெப மா நாய க பாைளய (வ.கி) ம (ஊ) கா தவராய ேகாய ெத 3 , 8.ெப மா நாய க பாைளய (வ.கி) ம (ஊ) கா தவராய ேகாய ெத 4",yes
104,104,"ேடன மிஷ வ க ப ள ,ப ளா 1ெத பா தக ட தி ேம ப தி,ெப மா நாய க பாைளய , ேம ப டா பா க - 607104","1.ெப மா நாய க பாைளய (வ.கி) ம (ஊ) லாச நக , 2.ெப மா நாய க பாைளய (வ.கி) ம (ஊ) வ ஜ நக ெத 1 , 3.ெப மா நாய க பாைளய (வ.கி) ம (ஊ) வ ஜ நக ெத 2 , 4.ெப மா நாய க பாைளய (வ.கி) ம (ஊ) வ ஜ நக ெத 3 , 5.ெப மா நாய க பாைளய (வ.கி) ம (ஊ) ெதரசா நக , 6.ெப மா நாய க பாைளய (வ.கி) ம (ஊ) டா ட அ ேப கா ெத , 7.ெப மா நாய க பாைளய (வ.கி) ம (ஊ) ைர மி ெத , 8.ெப மா நாய க பாைளய (வ.கி) ம (ஊ) கா தி ெத ெத 1",yes
105,105,"ேடன மிஷ வ க ப ள ,ப ளா 2 கிழ பா தக ட தி ேம ப தி,ெப மா நாய க பாைளய , ேம ப டா பா க - 607104","1.ெப மா நாய க பாைளய (வ.கி) ம (ஊ) கா தி ெத ெத 2 , 2.ெப மா நாய க பாைளய (வ.கி) ம (ஊ) எ ேம சாைல , 3.ெப மா நாய க பாைளய (வ.கி) ம (ஊ) ப டா ய ம ேகாய ெத , 4.ெப மா நாய க பாைளய (வ.கி) ம (ஊ) ெசாைச ெத , 5.ெப மா நாய க பாைளய (வ.கி) ம (ஊ) ெத ெத 3 , 6.ெப மா நாய க பாைளய (வ.கி) ம (ஊ) ெத ெத 4 , 7.ெப மா நாய க பாைளய (வ.கி) ம (ஊ) ெத ெத 2 , 8.ெப மா நாய க பாைளய (வ.கி) ம (ஊ) ெத ெத 1 , 9.ெப மா நாய க பாைளய (வ.கி) ம (ஊ) ெமய ேரா , 10.ெப மா நாய க பாைளய (வ.கி) ம (ஊ) ரய ேவ ேடஷ ேரா , 11.ெப மா நாய க பாைளய (வ.கி) ம (ஊ) ேவதவ லி மா ய ம ேகாய நக",yes
106,106,"ேடன மிஷ வ க ப ள ,ப ளா 2 ெத பா தக ட தி கிழ ப தி அைற எ - 3,ெப மா நாய க பாைளய , ேம ப டா பா க - 607104","1.ெப மா நாய க பாைளய (வ.கி) ம (ஊ) மா ய ம ேகாவ ெத , 2.ெப மா நாய க பாைளய (வ.கி) ம (ஊ) ள யமர வதி , 3.ெப மா நாய க பாைளய (வ.கி) ம (ஊ) நாராயண ர",yes
107,107,"ேடன மிஷ வ க ப ள ,ப ளா 2 ெத பா த க ட தி கிழ ப தி அைற எ - 5,ெப மா நாய க பாைளய , ேம ப டா பா க - 607104","1.ெப மா நாய க பாைளய (வ.கி) ம (ஊ) ைச வா கா ெத 2.ெப மா நாய க பாைளய (வ.கி) ம (ஊ) இள வ தி நக 1 , 3.ெப மா நாய க பாைளய (வ.கி) ம (ஊ) இள வ தி நக 2 4.ெப மா நாய க பாைளய (வ.கி) ம (ஊ) கீ ெவ மண நக",yes
108,108,"கா நைட ம வமைன,ெத பா த கிழ ப தி,ெப மா நாய க பாைளய , ேம ப டா பா க - 607104","1.ெப மா நாய க பாைளய (வ.கி) ம (ஊ) ப ள ெத , 2.ெப மா நாய க பாைளய (வ.கி) ம (ஊ) வட ெத , 3.ெப மா நாய க பாைளய (வ.கி) ம (ஊ) வா ட ேட ெத",yes
109,109,"ேடன மிஷ வ க ப ள ,கிழ பா த க ட ெத ப தி அைற எ - 3,ெப மா நாய க பாைளய , ேம ப டா பா க - 607104 .1.ெப மா நாய க பாைளய (வ.கி) ம (ஊ) மா ய ம ேகாவ ெத , 2.ெப மா நாய க பாைளய (வ.கி) ம (ஊ) காமராஜ நக 1வ ெத , 3.ெப மா நாய க பாைளய (வ.கி) ம (ஊ) காமராஜ நக 2வ ெத , 4.ெப மா நாய க பாைளய (வ.கி) ம (ஊ) காமராஜ நக 3வ ெத , 5.ெப மா நாய க பாைளய (வ.கி) ம (ஊ) காமராஜ நக 4வ ெத , 6.ெப மா நாய க பாைளய (வ.கி) ம (ஊ) ள ேம , 7.ெப மா நாய க பாைளய (வ.கி) ம (ஊ) ப எ பாைளய ேரா",,yes
110,110,"ேடன மிஷ வ க ப ள ,வட பா த க ட தி கிழ ப திய 2 வ அைற,கீ கவர ப - 607112","1.கீ கவர ப (வ.கி) ம (ஊ) திெரௗபதிய ம ேகாய ெத , 2.கீ கவர ப (வ.கி) ம (ஊ) ேபா ஆப ெத , 3.கீ கவர ப (வ.கி) ம (ஊ) அரசமர ெத , 4.கீ கவர ப (வ.கி) ம (ஊ) மா ய ம ேகாய ெத , 5.கீ கவர ப (வ.கி) ம (ஊ) ேட ெத",yes
111,111,"ேடன மிஷ வ க ப ள ,வட பா க ட தி கிழ ப திய 3 வ அைற,கீ கவர ப - 607112","1.கீ கவர ப (வ.கி) ம (ஊ) அ ேப கா ெத , 2.கீ கவர ப (வ.கி) ம (ஊ) அரசமர ெத ,3.கீ கவர ப (வ.கி) ம (ஊ) வா ட ேட ெத ,4.கீ கவர ப (வ.கி) ம (ஊ) திெரௗபதி அ ம ேகாய ெத",yes
112,112,"ேடன மிஷ வ க ப ள ,வட பா த க ட கிழ ப தி ,கீ கவர ப - 607112","1.கீ கவர ப (வ.கி) ம (ஊ) ைல ர ெத , 2.கீ கவர ப (வ.கி) ம (ஊ) எ ப ள ெத , 3.கீ கவர ப (வ.கி) ம (ஊ) மாதாேகாய ெத",yes
113,113,"அர ேம நிைல ப ள ,வட பா த ெத க ட வட ப தி,அ ணாகிராம - 607112","1.கீழ கவர ப (வ.கி) ம (ஊ) சாைல காலன , 2.கீழ கவர ப (வ.கி) ம (ஊ) வட பாைளய 1வ ெத , 3.கீழ கவர ப (வ.கி) ம (ஊ) வட பாைளய 2வ ெத , 4.கீழ கவர ப (வ.கி) ம (ஊ) வட பாைளய 3 வ ெத , 5.கீழ கவர ப (வ.கி) ம (ஊ) வட பாைளய 4வ ெத , 6.கீழ கவர ப (வ.கி) ம (ஊ) வட பாைளய 5வ ெத , 7.கீழ கவர ப (வ.கி) ம (ஊ) வட பாைளய காலன மா ய ம ேகாய ெத , 8.கீழ கவர ப (வ.கி) ம (ஊ) வட பாைளய ஊ மா ய ம ேகாய ெத",yes
114,114,"அர ேம நிைல ப ள ,ெத பா த ந ப தி,அ ணாகிராம - 607112","1.கீ கவர ப (வ.கி) ம (ஊ) ப ள ட ெத , 2.கீ கவர ப (வ.கி) ம (ஊ) ெத மா ய ம ேகாவ ெத , 3.கீ கவர ப (வ.கி) ம (ஊ) ப ைளயா ேகாவ ெத , 4.கீ கவர ப (வ.கி) ம (ஊ) காள ய ம ேகாவ ெத , 5.கீ கவர ப (வ.கி) ம (ஊ) பஜைனேகாவ ெத , 6.கீ கவர ப (வ.கி) ம (ஊ) ெக ைகய ம ேகாவ ெத , 7.கீ கவர ப (வ.கி) ம (ஊ) எ ேம ேரா , 8.கீ கவர ப (வ.கி) ம (ஊ) ெத , 9.கீழ கவர ப (வ.கி) ம (ஊ) ெர யா ெத , 10.கீழ கவர ப (வ.கி) ம (ஊ) வட பாைளய அ சா ேகாய ெத",yes
115,115,"அர ேம நிைல ப ள ,கிழ ப திய ெத க ட ,அ ணாகிராம - 607112","1.கீ கவர ப (வ.கி) ம (ஊ) வட மா ய ம ேகாவ ெத , 2.கீ கவர ப (வ.கி) ம (ஊ) கட ேரா , 3.கீ கவர ப (வ.கி) ம (ஊ) கிழ மா ய ம ேகாவ ெத , 4.கீ கவர ப (வ.கி) ம (ஊ) காலன",yes
116,116,"ஊரா சி ஒ றிய வ க ப ள ,ேம பா த த க ட ,எ பாைளய - 607112","1.கீ கவர ப (வ.கி) ம (ஊ) ப ைளயா ேகாவ ெத எ . பாைளய , 2.கீ கவர ப (வ.கி) ம (ஊ) மா ய ம ேகாவ ெத எ . பாைளய , 3.கீ கவர ப (வ.கி) ம (ஊ) க ேகாவ ெத எ . பாைளய , 4.கீ கவர ப (வ.கி) ம (ஊ) கட ேரா எ . பாைளய",yes
117,117,"ஊரா சி ஒ றிய வ க ப ள ,வட பா த க ட ,ேம கவர ப - 607112","1.ேம கவர ப (வ.கி) ம (ஊ) கிழ ெத , 2.ேம கவர ப (வ.கி) ம (ஊ) தி ப , 3.ேம கவர ப (வ.கி) ம (ஊ) கம சாய ெத , 4.ேம கவர ப (வ.கி) ம (ஊ) ப ைளயா ேகாய ெத , 5.ேம கவர ப (வ.கி) ம (ஊ) ெமய ேரா , 6.ேம கவர ப (வ.கி) ம (ஊ) ப ள வாச ெத , 7.ேம கவர ப (வ.கி) ம (ஊ) யாதவ ெத , 8.ேம கவர ப (வ.கி) ம (ஊ) காம ேகாய ெத , 9.ேம கவர ப (வ.கி) ம (ஊ) க மாற ெத",yes
118,118,"ஊரா சி ஒ றிய வ க ப ள ,ெத பா த க ட கிழ ப தி,ேம கவர ப - 607112","1.ேம கவர ப (வ.கி) ம (ஊ) ெமய ேரா , 2.ேம கவர ப (வ.கி) ம (ஊ) மா ய ம ேகாவ ெத , 3.ேம கவர ப (வ.கி) ம (ஊ) வட ெத",yes
119,119,"ஊரா சி ஒ றிய வ க ப ள ,வட பா த க ட ேம ப தி ,ேம கவர ப - 607112","1.ேம கவர ப (வ.கி) ம (ஊ) ெத , 2.ேம கவர ப (வ.கி) ம (ஊ) கிழ ெத , 3.ேம கவர ப (வ.கி) ம (ஊ) பா ெத , 4.ேம கவர ப (வ.கி) ம (ஊ) ள ேம ெத , 5.ேம கவர ப (வ.கி) ம (ஊ) வா ட 1வ ெத , 6.ேம கவர ப (வ.கி) ம (ஊ) வா ட 2வ ெத , 7.ேம கவர ப (வ.கி) ம (ஊ) வா ட 3வ ெத , 8.ேம கவர ப (வ.கி) ம (ஊ) வா ட 4வ ெத , 9.ேம கவர ப (வ.கி) ம (ஊ) வா ட 5வ ெத , 10.ேம கவர ப (வ.கி) ம (ஊ) வா ட 6 வ ெத , 11.ேம கவர ப (வ.கி) ம (ஊ) ேதசிய ெந சாைல",yes
120,120,"ஊரா சி ஒ றிய வ க ப ள (உ ),ேம பா த திய க ட ,ப கி பாைளய - 607112","1.ேம கவர ப (வ.கி) ம (ஊ) ப கி பாைளய மாதாேகாய ெத , 2.ேம கவர ப (வ.கி) ம (ஊ) வட ெத , 3.ேம கவர ப (வ.கி) ம (ஊ) ெப யப ள வாச ெத , 4.ேம கவர ப (வ.கி) ம (ஊ) சி னப ள வாச ெத , 5.ேம கவர ப (வ.கி) ம (ஊ) ெமய ேரா , 6.ேம கவர ப (வ.கி) ம (ஊ) ந ெத",yes
121,121,"ஊரா சி ஒ றிய ஆர ப ப ள ,ெத பா த க ட கிழ ப தி,மாள ைகேம - 607112","1.மாள ைகேம (வ.கி) ம (ஊ) காம ேகாய ெத , 2.மாள ைகேம (வ.கி) ம (ஊ) ெர யா ெத , 3.மாள ைகேம (வ.கி) ம (ஊ) ெப மா ேகாய ெத , 4.மாள ைகேம (வ.கி) ம (ஊ) மா ய ம ேகாய ெத , 5.மாள ைகேம (வ.கி) ம (ஊ) ப ைளயா ேகாய ெத , 6.மாள ைகேம (வ.கி) ம (ஊ) கிழ ெத , 7.மாள ைகேம (வ.கி) ம (ஊ) மா ய ம ேகாய ெத காலன , 8.மாள ைகேம (வ.கி) ம (ஊ) தி ப காலன",yes
122,122,"ஊரா சி ஒ றிய ஆர ப ப ள ,ெத பா த க ட ேம ப தி,மாள ைகேம - 607112","1.மாள ைகேம (வ.கி) ம (ஊ) காள ேகாய ெத , 2.மாள ைகேம (வ.கி) ம (ஊ) ெர யா ெத , 3.மாள ைகேம (வ.கி) ம (ஊ) ெப மா ேகாய ெத , 4.மாள ைகேம (வ.கி) ம (ஊ) மா ய ம ேகாய ெத , 5.மாள ைகேம (வ.கி) ம (ஊ) ப ைளயா ேகாய ெத , 6.மாள ைகேம (வ.கி) ம (ஊ) திெரௗபதிய ம ேகாய ெத , 7.மாள ைகேம (வ.கி) ம (ஊ)",yes
123,123,"ஊரா சி ஒ றிய ஆர ப ப ள ,வட பா த க ட தி கிழ ப தி,மாள ைகேம - 607112","1.மாள ைகேம (வ.கி) ம (ஊ) ெகா டாெர பாைளய , 2.மாள ைகேம (வ.கி) ம (ஊ) ஏ பாைளய காலன , 3.மாள ைகேம (வ.கி) ம (ஊ) ெத ேன பாைளய , 4.மாள ைகேம (வ.கி) ம (ஊ) ஏ கைர ேரா , 5.மாள ைகேம (வ.கி) ம (ஊ) பைழயகாலன",yes
124,124,"ஊரா சி ஒ றிய ஆர ப ப ள ,ெத பா த க ட ேம ப தி,மாள ைகேம - 607112","1.மாள ைகேம (வ.கி) ம (ஊ) மா ய ம ேகாய ெத , 2.மாள ைகேம (வ.கி) ம (ஊ) ப ைளயா ேகாய ெத , 3.மாள ைகேம (வ.கி) ம (ஊ) சி னெத",yes
125,125,"ஊரா சி ஒ றிய ந நிைல ப ள ,வட பா த க ட கிழ ப தி,ேசாைல க ட பாைளய - 607112","1.மாள ைகேம (வ.கி) ம (ஊ) மா ய ம ேகாய ெத , 2.மாள ைகேம (வ.கி) ம (ஊ) அ யனா ேகாய ெத , 3.மாள ைகேம (வ.கி) ம (ஊ) க ேகாய ெத , 4.மாள ைகேம (வ.கி) ம (ஊ) ேதா ெத , 5.மாள ைகேம (வ.கி) ம (ஊ) வ க பாைளய , 6.மாள ைகேம (வ.கி) ம (ஊ) நக (வ க பாைளய ) , 7.மாள ைகேம (வ.கி) ம (ஊ) ேசாைலக ட பாைளய ப ளா 3",yes
126,126,"ஊரா சி ஒ றிய ந நிைல ப ள ,வட பா த திய க ட ,ேசாைல க ட பாைளய - 607112","1.மாள ைகேம (வ.கி) ம (ஊ) மா ய ம ேகாய ெத , 2.மாள ைகேம (வ.கி) ம (ஊ) அ யனா ேகாய ெத , 3.மாள ைகேம (வ.கி) ம (ஊ) மா ய ம ேகாய ெத (ஏ.ேக. பாைளய ) , 4.மாள ைகேம (வ.கி) ம (ஊ) ேகாழி பா க ேரா , 5.மாள ைகேம (வ.கி) ம (ஊ) ப ைளயா ேகாய ெத (வ க பாைளய ) , 6.மாள ைகேம (வ.கி) ம (ஊ) நக (வ க பாைளய )",yes
127,127,"அரசின ேம நிைல ப ள ,ேம பா த க ட வட ப தி, ண -","1. ண (வ.கி) ம (ஊ) கிழ ெத , 2. ண (வ.கி) ம (ஊ) ந ெத , 3. ண (வ.கி) ம (ஊ) தரநாய க ெத , 4. ண (வ.கி) ம (ஊ) எ ைலய ம ெத",yes
128,128,"அரசின ேம நிைல ப ள ,ேம பா த க ட ெத ப தி, ண - 607106","1. ண (வ.கி) ம (ஊ) சிவ ேகாய ெத , 2. ண (வ.கி) ம (ஊ) ேம ெத , 3. ண (வ.கி) ம (ஊ) சிவா நக , 4. ண (வ.கி) ம (ஊ) க ப நக , 5. ண (வ.கி) ம (ஊ) ஓ ச தி நக , 6. ண (வ.கி) ம (ஊ) அ ணா நக",yes
129,129,"ஊரா சிஒ றிய ந நிைல ப ள ,வட பா த க ட தி கிழ ப தி, ர ப - 607106","1. ண (வ.கி) ம (ஊ) ப ைளயா ேகாவ ெத , 2. ண (வ.கி) ம (ஊ) சிவ ேகாவ ெத , 3. ண (வ.கி) ம (ஊ) மா ய ம ேகாவ ெத , 4. ண (வ.கி) ம (ஊ) ெத , 5. ண (வ.கி) ம (ஊ) பைழயகாலன ெத 1 , 6. ண (வ.கி) ம (ஊ) பைழயகாலன ெத 2 , 7. ண (வ.கி) ம (ஊ) பைழயகாலன ெத 3 ,8. ண (வ.கி) ம (ஊ) பைழய காலன ெத 4 ,9. ண (வ.கி) ம (ஊ) பைழயகாலன ெத 5",yes
130,130,"ஊரா சிஒ றிய ந நிைல ப ள ,வட பா த க ட தி ேம ப தி , ர ப - 607106","1. ண (வ.கி) ம (ஊ) மா ய ம ெத ,2. ண (வ.கி) ம (ஊ) ேரா ெத ,3. ண (வ.கி) ம (ஊ) வ ளலா காலன த ெத , 4. ண (வ.கி) ம (ஊ) வ ளலா காலன இர டா ெத , 5. ண (வ.கி) ம (ஊ) வ ளலா காலன றா ெத , 6. ண (வ.கி) ம (ஊ) வ ளலா காலன நா கா ெத , 7. ண (வ.கி) ம (ஊ) வ ளலா காலன ஐ தா ெத , 8. ண (வ.கி) ம (ஊ) வ ளலா காலன ஆறா ெத , 9. ண (வ.கி) ம (ஊ) வ ளலா காலன ஏழா ெத",yes
131,131,"ஆதிதிராவ ட நல வ க ப ள ,ேம பா த வட க ட ,கண ச பா க - 607106","1.கண ச பா க (வ.கி) ம (ஊ) வட ெத , 2.கண ச பா க (வ.கி) ம (ஊ) ெர யா ெத , 3.கண ச பா க (வ.கி) ம (ஊ) மா ய ம ேகாவ ெத , 4.கண ச பா க (வ.கி) ம (ஊ) ப ைளயா ேகாவ ெத , 5.கண ச பா க (வ.கி) ம (ஊ) காலன 1வ ெத",yes
132,132,"ஆதிதிராவ ட நல வ க ப ள ,ப ளா 1 ேம பா த ெத ப க க ட ,கண ச பா க - - 607106","1.கண ச பா க (வ.கி) ம (ஊ) பைழய காலன , 2.கண ச பா க (வ.கி) ம (ஊ) காலன 2வ ெத , 3.கண ச பா க (வ.கி) ம (ஊ) காலன 3வ ெத , 4.கண ச பா க (வ.கி) ம (ஊ) காலன 4வ ெத , 5.கண ச பா க (வ.கி) ம (ஊ) காலன 5வ ெத , 6.கண ச பா க (வ.கி) ம (ஊ) காலன 6வ ெத , 7.கண ச பா க (வ.கி) ம (ஊ) காலன 7வ ெத , 8.கண ச பா க (வ.கி) ம (ஊ) காலன 8வ ெத",yes
133,133,"ஊரா சிஒ றிய வ க ப ள , திய க ட தி ேம ப தி,சி திைர சாவ - 607106","1.கண ச பா க (வ.கி) ம (ஊ) சி திைர சாவ ப ைளயா ேகாவ ெத , 2.கண ச பா க (வ.கி) ம (ஊ) சி திைர சாவ இ திரா நக , 3.கண ச பா க (வ.கி) ம (ஊ) சி திைர சாவ பாடசாைல ெத , 4.கண ச பா க (வ.கி) ம (ஊ) சி திைர சாவ தி ெரௗபதிய ம ேகாவ ெத , 5.கண ச பா க (வ.கி) ம (ஊ) சி திைர சாவ காம ேகாவ ெத , 6.கண ச பா க (வ.கி) ம (ஊ) சி திைர சாவ ெத , 7.கண ச பா க (வ.கி) ம (ஊ) சி திைர சாவ ேரா ெத , 8.கண ச பா க (வ.கி) ம (ஊ) சி திைர சாவ தி மைல நக",yes
134,134,"ஊரா சி ஒ றிய ந நிைல ப ள ,ேம பா த த க ட வட ப தி,பன பா க - 607108","1.பண பா க (வ.கி) ம (ஊ) ெர யா ெத , 2.பண பா க (வ.கி) ம (ஊ) ெமய ேரா , 3.பண பா க (வ.கி) ம (ஊ) ப ைளயா ேகாவ ெத , 4.பண பா க (வ.கி) ம (ஊ) ஈ வர ேகாவ ெத , 5.பண பா க (வ.கி) ம (ஊ) பா ைட ெத , 6.பண பா க (வ.கி) ம (ஊ) காசா ைட ெத , 7.பண பா க (வ.கி) ம (ஊ) எ ஜி ஆ நக",yes
135,135,"அ க வா ைமய ,கிழ பா த க ட தி ேம ப தி,பன பா க - 607108","1.பண பா க (வ.கி) ம (ஊ) மா ய ம ேகாவ ெத , 2.பண பா க (வ.கி) ம (ஊ) ெமய ேரா",yes
136,136,"அ க வா ைமய ,ெத பா த ேம ப தி ,பன பா க - 607108","1.பண பா க (வ.கி) ம (ஊ) காலன ,2.பண பா க (வ.கி) ம (ஊ) எ ஜி ஆ நக",yes
137,137,"ஊரா சி ஒ றிய வ க ப ள ,வட பா த திய க ட தி கிழ ப தி,ேகா டலா பா க - 607108","1.ேகா டலாபா க (வ.கி) ம (ஊ) த கா வதி , 2.ேகா டலாபா க (வ.கி) ம (ஊ) கைடவதி , 3.ேகா டலாபா க (வ.கி) ம (ஊ) ப டர கார வதி",yes
138,138,"ஊரா சி ஒ றிய வ க ப ள ,வட பா த திய க ட தி ேம ப தி,ேகா டலா பா க - 607108","1.ேகா டலாபா க (வ.கி) ம (ஊ) எ .ஜி.ஆ நக , , 2.ேகா டலாபா க (வ.கி) ம (ஊ) அ ரஹார வதி , 3.ேகா டலாபா க (வ.கி) ம (ஊ) ெத ,4.ேகா லா பா க (வ.கி) ம (ஊ) எ .ஜி.ஆ நக",yes
139,139,"கிராமேசைவ ைமய ,ேம பா த க ட ெத ப தி,ேகா டலா பா க - 607108","1.ேகா டலாபா க (வ.கி) ம (ஊ) ெமய ேரா , 2.ேகா டலாபா க (வ.கி) ம (ஊ) ஈ வர ேகாய ெத , 3.ேகா டலாபா க (வ.கி) ம (ஊ) மா ய ம ேகாய வதி , 4.ேகா டலாபா க (வ.கி) ம (ஊ) எ .ஜி.ஏ நக , 5.ேகா லா பா க (வ.கி)ம (ஊ) கைலஞ நக , 6.ேகா லா பா க (வ.கி) ம (ஊ) எ .ஜி.ஏ நக",yes
140,140,"கிராமேசைவ ைமய ,ேம பா த க ட வட ப தி,ேகா டலா பா க - 607108","1.ேகா டலாபா க (வ.கி) ம (ஊ) காலன , 2.ேகா டலாபா க (வ.கி) ம (ஊ) பாைழயகாலன , 3.ேகா டலாபா க (வ.கி) ம (ஊ) பா ர கா நக",yes
141,141,"அர லக க ட ,கிழ பா த ெத ப தி ,ேகா டலா பா க - 607108","1.ேகா லா பா க (வ.கி) ம (ஊ) ேகா டலாபா க ெமய ேரா , 2.ேகா லா பா க (வ.கி) ம (ஊ) ம தி பாைளய ெத , 3.ேகா லா பா க (வ.கி) ம (ஊ) காலன , 4.ேகா லா பா க (வ.கி) ம (ஊ) ேகாய ெத , 5.ேகா லா பா க (வ.கி) ம (ஊ) வ னாயக ேகாய ெத ம திபாைளய , 6.ேகா லா பா க (வ.கி) ம (ஊ) அ ம ேகாய ெத ம திபாைளய , 7.ேகா லா பா க (வ.கி) ம (ஊ) ெமய னேரா ம திபாைளய , 8.ம திபாைளய , ேகா லா பா க (வ.கி) ம (ஊ) - சிவச தி நக",yes
142,142,"ஊரா சி ஒ றிய வ க ப ள ,வட பா த தியக ட ,,ெதார பா - 607108","1.ெதார பா (ேப) வா 7, ெந சி ேப ைட ெத , 2.ெதார பா (ேப) வா 7, க ேரா , 3.ெதார பா (ேப) வா 7, ந ப க நக 1வ ெத , 4.ெதார பா (ேப) வா 7, ந ப க நக 2வ ெத , 5.ெதார பா (ேப) வா 7, க லா ைட 2வ ெத",yes
143,143,"ஊரா சி ஒ றிய வ க ப ள ,ேம பா த ெத ப க தியக ட ,ெதார பா - 607108","1.ெதார பா (ேப) வா 7, க லா ைட 1வ ெத , 2.ெதார பா (ேப) வா 7, கண க ெத 1 , 3.ெதார பா (ேப) வா 7, கண க ெத 2 , 4.ேகா லா பா க (வ.கி) ம (ஊ) ேப ைட வதி , 5.ேகா லா பா க (வ.கி) ம (ஊ) ப கி பாைளய வதி",yes
144,144,"ஊரா சி ஒ றிய வ க ப ள ,கிழ க ட ேம ப தி, ேப ைட - 607108","1.ெதார பா (ேப) வா 11, மனா சிய ம ேப ைட வதி , 2.ெதார பா (ேப) வா 13,14 ேப ைட வதி , 3.ெதார பா (ேப) வா 14 ந ெத , 4.ேகா லா பா க (வ.கி) ம (ஊ) கைட ெத , 5.ேகா லா பா க (வ.கி) ம (ஊ) ப ைளயா ேகாய வதி , 6.ேகா லா பா க (வ.கி) ம (ஊ) ேசட வதி , 7.ெதார பா (ேப) வா 6, கைடெத (ெமய",yes
145,145,"அரசின ேம நிைல ப ள ,அைற எ - 3 ெத பா த க ட ேம ப தி, ேப ைட - 607108","1.ெதார பா (ேப) வா 9 க ேரா , 2.ெதார பா (ேப) வா 9 ேம ெத (ேம டாேம ) , 3.ெதார பா (ேப) வா 15 ேகாவ பாைளய வதி",yes
146,146,"அரசின ேம நிைல ப ள ,அைற எ 4 ெத பா த க ட தி கிழ ப தி, ேப ைட - 607108","1.ெதார பா (ேப) வா 2 பாரதியா வதி , 2.ெதார பா (ேப) வா 1 ெத , 3.ெதார பா (ேப) வா 4 ஆதிதிராவ ட காலன",yes
147,147,"அரசின ேம நிைல ப ள ,ெத பா த க ட தி ந ப தி, ேப ைட - 607108","1.ெதார பா (ேப) வா 3 பண பா க ேரா , 2.ெதார பா (ேப) வா 3 மர ேகாய ெத , 3.ெதார பா (ேப) வா 3, மா ய ம ேகாய ெத , 4.ெதார பா (ேப) வா 2, பாரதியா ெத 1 , 5.ெதார பா (ேப) வா 2, பாரதியா ெத 2 ,6.ெதார பா (ேப) வா 2, பாரதியா ெத 3 , 7.ெதார பா (ேப) வா 2, பாரதியா ெத 4",yes
148,148,"அரசின ேம நிைல ப ள ,ெத பா த கிழ க ட ேம ப தி அைற, ேப ைட - 607108","1.ெதார பா (ேப) வா 10, ெவ ள மா ய ம ேகாய ெத , 2.ெதார பா (ேப) வா 11, மனா சிய ம ேப ைட ெத ,3.ெதார பா (ேப) வா 5, ணா கார ெத , 4.ெதார பா (ேப) வா 13,14, ேப ைட ெத",yes
149,149,"ஊரா சி ஒ றிய ந நிைல ப ள ,வட பார த ேம ப தி,ப டர ேகா ைட - 607108","1.ப டர ேகா ைட (வ.கி) ம (ஊ) வாண ய பாைளய ெமய ேரா , 2.ப டர ேகா ைட (வ.கி) ம (ஊ) மா ய ம ேகாய ெத , 3.ப டர ேகா ைட (வ.கி) ம (ஊ) வாண ய பாைளய , 4.ப டர ேகா ைட (வ.கி) ம (ஊ) கிழ ெத , 5.ப டர ேகா ைட (வ.கி) ம (ஊ) சி பாைளய , 6.ப டர ேகா ைட (வ.கி) ம (ஊ) ேதா ெத , 7.ப டர ேகா ைட (வ.கி) ம (ஊ) ப டா ேகாய ெத , 8.ப டர ேகா ைட (வ.கி) ம (ஊ) ராம தி நக , 9.ப டர ேகா ைட (வ.கி) ம (ஊ) வாண ய பாைளய",yes
150,150,"ஊரா சி ஒ றிய ந நிைல ப ள ,வட பா த கிழ ப தி,ப டர ேகா ைட - 607108","1.ப டர ேகா ைட (வ.கி) ம (ஊ) வ ன ய ெத , 2.ப டர ேகா ைட (வ.கி) ம (ஊ) பாடசாைல வதி , 3.ப டர ேகா ைட (வ.கி) ம (ஊ) சாமிெச ெத , 4.ப டர ேகா ைட (வ.கி) ம (ஊ) ேம ெத , 5.ப டர ேகா ைட (வ.கி) ம (ஊ) ப ைளயா ேகாய ெத",yes
151,151,"ஊரா சி ஒ றிய ந நிைல ப ள ,ேம பா த க ட தி வட ப தி,ப டர ேகா ைட - 607108","1.ப டர ேகா ைட (வ.கி) ம (ஊ) ந ப க நக , 2.ப டர ேகா ைட (வ.கி) ம (ஊ) ெமய ேரா , 3.ப டர ேகா ைட (வ.கி) ம (ஊ) அ மா ேப ைட த ெத , 4.ப டர ேகா ைட (வ.கி) ம (ஊ) அ காள ம ேகாய ெத , 5.ப டர ேகா ைட (வ.கி) ம (ஊ) ெந ெத , 6.ப டர ேகா ைட (வ.கி) ம (ஊ) ப ைலயா ேகாய வதி , 7.ப டர ேகா ைட (வ.கி) ம (ஊ) காள ேகாய ெத , 8.ப டர ேகா ைட (வ.கி) ம (ஊ) பாடசாைல ெத",yes
152,152,"ஊரா சி ஒ றிய ந நிைல ப ள ,ெத பா த க ட தி ேம ப தி,ப டர ேகா ைட - 607108","1.ப டர ேகா ைட (வ.கி) ம (ஊ) மா ய ம ேகாய ெத , 2.ப டர ேகா ைட (வ.கி) ம (ஊ) சி னஅ மா ேப ைட , 3.ப டர ேகா ைட (வ.கி) ம (ஊ) காலன வ னாயக ேகாய ெத , 4.ப டர ேகா ைட (வ.கி) ம (ஊ) ஒ தவா ெத , 5.ப டர ேகா ைட (வ.கி) ம (ஊ) காலன மா ய ம ேகாய ெத , 6.ப டர ேகா ைட (வ.கி) ம (ஊ) அ ததிய வதி",yes
153,153,"ஊரா சி ஒ றிய வ க ப ள ,ெத பா த வட க ட கிழ ப தி,சி ன ேப ைட - 607205","1.வ சி பா க (வ.கி), சி ன ேப ைட (ஊ) வ நாயக ேகாய ெத , 2.வ சி பா க (வ.கி), சி ன ேப ைட (ஊ) ேதா ெத , 3.வ சி பா க (வ.கி), சி ன ேப ைட (ஊ) ெமய ேரா",yes
154,154,"மகள யஉதவ க ட ,கிழ பா த ெத ப தி ,சி ன ேப ைட - 607205","1.வ சி பா க (வ.கி), சி ன ேப ைட (ஊ) ெப மா ேகாய ெத , 2.வ சி பா க (வ.கி), சி ன ேப ைட (ஊ) கிழ ெத",yes
155,155,"ஊரா சி ஒ றிய வ க ப ள ,ெத பா த வட க ட ,ந பாைளய - 607205","1.வ சி பா க (வ.கி), ஒைற (ஊ) ந பாைளய ப ைளயா ேகாவ ெத , 2.வ சி பா க (வ.கி), ஒைற (ஊ) ந பாைளய மா ய ம ேகாவ ெத",yes
156,156,"ஊரா சி ஒ றிய வ க ப ள ,வட பா த ேம க ட தி கிழ ப தி,வ சி பா க - 607205","1.வ சி பா க (வ.கி) ம (ஊ) வ னாயக ேகாய ெத , 2.வ சி பா க (வ.கி) ம (ஊ) மா ய ம ேகாய ெத , 3.வ சி பா க (வ.கி) ம (ஊ) 3வ ெத , 4.வ சி பா க (வ.கி) ம (ஊ) காம ேகாய ெத , 5.வ சி பா க (வ.கி) ம (ஊ) ெமய ேரா , 6.வ சி பா க (வ.கி) ம (ஊ) ெகாச பாைளய",yes
157,157,"அரசின ேம நிைல ப ள , த ைம க ட கிழ பா த வட ப தி 12 வ ப ப ,ஒைற - 607108","1.ஒைற (வ.கி) ம (ஊ) காம ேகாய ெத , 2.ஒைற (வ.கி) ம (ஊ) ப ைளயா ேகாய ெத , 3.ஒைற (வ.கி) ம (ஊ) அ காள ம ேகாய ெத , 4.ஒைற (வ.கி) ம (ஊ) கள ேம ெத , 5.ஒைற (வ.கி) ம (ஊ) அ ரஹார ெத , 6.ஒைற (வ.கி) ம (ஊ) ஈ வர ேகாய ெத , 7.ஒைற (வ.கி) ம (ஊ) மா ய ம ேகாய ெத",yes
158,158,"அரசின ேம நிைல ப ள , த ைம க ட கிழ பா த ெத ப தி 12- வ சி ப ,ஒைற - 607108","1.ஒைற (வ.கி) ம (ஊ) ஈ வர ேகாவ ெத , 2.ஒைற (வ.கி) ம (ஊ) ச ெத 3..ஒைற (வ.கி) ம (ஊ) ேம ெத , 4.ஒைற (வ.கி) ம (ஊ) காள ய ம ேகாய ெத , 5.ஒைற (வ.கி) ம (ஊ) ெமய ேரா , 6.ஒைற (வ.கி) ம (ஊ) மா ய ம ேகாய ெத",yes
159,159,"அரசின ேம நிைல ப ள , த ைம க ட கிழ பா த ெத ப தி12- வ அ ப ,ஒைற - 607108 ,1..ஒைற (வ.கி) ம (ஊ) பால க ேகாய ெத",2..ஒைற (வ.கி) ம (ஊ) காம ேகாய ெத,yes
160,160,"ஊரா சி ஒ றிய வ க ப ள ,ெத பா த க ட தி ேம ப தி,ஒைற - 607108","1.ஒைற (வ.கி) ம (ஊ) ெப யெத ,2.ஒைற (வ.கி) ம (ஊ) மைன த ெத , 3.ஒைற (வ.கி) ம (ஊ) மைன 2வ ெத , 4.ஒைற (வ.கி) ம (ஊ) மைன 3வ ெத , 5.ஒைற (வ.கி) ம (ஊ) மைன 4வ ெத",yes
161,161,"ஊரா சி ஒ றிய வ க ப ள ,வட பா த க ட கிழ ப தி ,ஒைற - 607108",1.ஒைற (வ.கி) ம (ஊ) மா ய ம ேகாய ெத,yes
162,162,"ஊரா சி ஒ றிய வ க ப ள ,ெத பா த க ட தி கிழ ப தி,ஒைற - 607108","1.ஒைற (வ.கி) ம (ஊ) மைன 5வ ெத , 2.ஒைற (வ.கி) ம (ஊ) மைன 6வ ெத , 3.ஒைற (வ.கி) ம (ஊ) மைன 7வ ெத , 4.ஒைற (வ.கி) ம (ஊ) மைன 8வ ெத , 5.ஒைற (வ.கி) ம (ஊ) பாலா ப , 6.ஒைற (வ.கி) ம (ஊ) ெகா யா ேதா , 7.ஒைற (வ.கி) ம (ஊ) ஔைவயா ஊர கைர",yes
163,163,"ஊரா சி ஒ றிய ந நிைல ப ள ,வட பா த க ட ெத ப தி ,மண தவ த - 607101","1.மண தவ த (வ.கி) ம (ஊ) சிவ ேகாய ெத , 2.மண தவ த (வ.கி) ம (ஊ) ப ைளயா ேகாவ ெத , 3.மண தவ த (வ.கி) ம (ஊ) ெப மா ேகாய ெத , 4.மண தவ த (வ.கி) ம (ஊ) தர ெத , 5.மண தவ த (வ.கி) ம (ஊ) மா ய ம ேகாய ெத , 6.மண தவ த (வ.கி) ம (ஊ) ப அர ெமய ேரா , 7.மண தவ த (வ.கி) ம (ஊ) ப ள டெத",yes
164,164,"ஊரா சி ஒ றிய ந நிைல ப ள ,ெத பா த ேம ப தி க ட ,மண தவ த - 607101","1.மண தவ த (வ.கி) ம (ஊ) ேம அ ண ேரா , 2.மண தவ த (வ.கி) ம (ஊ) பலா ப ேரா , 3.மண தவ த (வ.கி) ம (ஊ) பலா ப மா ய ம ேகாய ெத , 4.மண தவ த (வ.கி) ம (ஊ) ெபா ன ப ேரா , 5.மண தவ த (வ.கி) ம (ஊ) ெபா ன ப",yes
165,165,"ஊரா சி ஒ றிய வ க ப ள ,ேம பா த க ட ெத ப தி,,சி கிராம - 607101","1.சி கிராம (வ.கி) ம (ஊ) கிழ ெத , 2.சி கிராம (வ.கி) ம (ஊ) ெர யா ெத , 3.சி கிராம (வ.கி) ம (ஊ) ெச லிய ம ேகாய ெத , 4.சி கிராம (வ.கி) ம (ஊ) அ கரகார ெத",yes
166,166,"ஊரா சி ஒ றிய வ க ப ள ,வட பா தக ட ந ப தி அைற,சி கிராம - 607101","1.சி கிராம (வ.கி) ம (ஊ) வட ெத , 2.சி கிராம (வ.கி) ம (ஊ) ேம ெத , 3.சி கிராம (வ.கி) ம (ஊ) இ திரா நக , 4.சி கிராம (வ.கி) ம (ஊ) பைழய காலன , 5.சி கிராம (வ.கி) ம (ஊ) காலன , 6.சி கிராம (வ.கி) ம (ஊ) ரமண ய ேகாய ெத",yes
167,167,"ஊரா சி ஒ றிய வ க ப ள ,கிழ பா த வட க ட ,வர ெப மாந - 607101","1.வர ெப மாந (வ.கி) ம (ஊ) ஈ வர ேகாய ெத , 2.வர ெப மாந (வ.கி) ம (ஊ) ப த ேந ெத , 3.வர ெப மாந (வ.கி) ம (ஊ) வட காலண",yes
168,168,"ஊரா சி ஒ றிய வ க ப ள ,கிழ பா த ந க ட வட ப தி,வர ெப மாந - 607101","1.வர ெப மாந (வ.கி) ம (ஊ) பஜா ெத 2.வர ெப மாந (வ.கி) ம (ஊ) யவ ேம , 3.வர ெப மாந (வ.கி) ம (ஊ) த ச வதி",yes
169,169,"ஊரா சி ஒ றிய வ க ப ள ,கிழ பா த ெத க ட வட ப தி ,வர ெப மாந - 607101 , 1.வர ெப மாந (வ.கி) ம (ஊ) ள ெத",,yes
170,170,"அரசின ேம நிைல ப ள ,வட பா த க ட ந ப தி அைற ,வர ெப மாந - 607101",1.வர ெப மாந (வ.கி) ம (ஊ) மா ய ம ேகாய பைழய காலன,yes
171,171,"அரசின ேம நிைல ப ள ,வட பா த க ட ேம ப தி ,வர ெப மாந - 607101",1.வர ெப மாந (வ.கி) ம (ஊ) காலன,yes
172,172,"அரசின ேம நிைல ப ள ,வடக பா த க ட கிழ ப தி வ பைற-7-அ ப ,வர ெப மாந - 607101",1.வர ெப மாந (வ.கி) ம (ஊ) வர ேகாய ெத,yes
173,173,"ஊரா சி ஒ றிய வ க ப ள ,ேம பா த வட ப தி, மியா ப - 607101","1.வர ெப மாந (வ.கி), மியா ப (ஊ) ெப யெத , 2.வர ெப மாந (வ.கி), மியா ப (ஊ) ப ைளயா ேகாய ெத , 3.வர ெப மாந (வ.கி), மியா ப (ஊ) ந ெத , 4.வர ெப மாந (வ.கி), மியா ப (ஊ) ஆ ற கைர ெத , 5.வர ெப மாந (வ.கி), மியா ப (ஊ) ேம பாைளய",yes
174,174,"ஊரா சி ஒ றிய வ க ப ள ,ெத பா த ேம ப தி, மியா ப - 607101","1.வர ெப மாந (வ.கி), மியா ப (ஊ) பரமண யேகாவ ெத , 2.வர ெப மாந (வ.கி), மியா ப (ஊ) அ.காலன , 3.வர ெப மாந (வ.கி), மியா ப (ஊ) மா ய ம ேகாய ெத , 4.வர ெப மாந (வ.கி), மியா ப (ஊ) ஆ சேநய ேகாய ெத , 5.வர ெப மாந (வ.கி), மியா ப (ஊ) சி கிராம ேரா , 6.வர ெப மாந (வ.கி), மியா ப (ஊ)",yes
175,175,"ஊரா சி ஒ றிய ந நிைல ப ள ,வட பா த க ட ேம ப தி,ந த - 607101","1.ந த (வ.கி) ம (ஊ) ேம ெத , 2.ந த (வ.கி) ம (ஊ) ந ெத , 3.ந த (வ.கி) ம (ஊ) ெப மா ேகாய ெத , 4.ந த (வ.கி) ம (ஊ) வா.ஊ.சி ெத",yes
176,176,"ஊரா சி ஒ றிய ந நிைல ப ள ,வட பா த க ட கிழ ப தி,ந த - 607101","1.ந த (வ.கி) ம (ஊ) பாரதியா ெத , 2.ந த (வ.கி) ம (ஊ) தி வ வ ெத , 3.ந த (வ.கி) ம (ஊ) க ேகாய ெத , 4.ந த (வ.கி) ம (ஊ) நக",yes
177,177,"ஊரா சி ஒ றிய ந நிைல ப ள ,வட பா த திய க ட ேம ப தி,ந த - 607101","1.ந த (வ.கி) ம (ஊ) அ ணா வதி , 2.ந த (வ.கி) ம (ஊ) ேம ெத",yes
178,178,"ஊரா சி ஒ றிய ந நிைல ப ள ,ேம பா தத க ட வட ப தி தைலைம ஆசி ய அைற,ந த - 607101","1.ந த (வ.கி) ம (ஊ) பைழய காலன , 2.ந த (வ.கி) ம (ஊ) திய காலன அைன",yes
179,179,"ஊரா சி ஒ றிய வ க ப ள ,வட பா த கிழ ப தி,ெகாள பா க - 607106","1.ெகாள பா க (வ.கி) ம (ஊ) ெகாள பா க ப ைளயா ேகாய ெத , 2.ெகாள பா க (வ.கி) ம (ஊ) ெகாள பா க ப ைச வாழிய ம ேகாய வதி",yes
180,180,"ஊரா சி ஒ றிய வ க ப ள ,ெத ேம க ட தி கிழ ப தி ,சி னேசம ேகா ைட - 607106","1.ெகாள பா க (வ.கி) ம (ஊ) ெகாள பா க திெரௗபதிய ம ேகாய ெத , 2.ேசம ேகா ைட (வ.கி) ம (ஊ) ேசம ேகா ைட அ ம ேகாய வதி , 3.ேசம ேகா ைட (வ.கி) ம (ஊ) ேசம ேகா ைட ப ைளயா ேகாய ெத , 4.ேசம ேகா ைட (வ.கி) ம (ஊ) ேசம ேகா ைட ெமய ேரா , 5.ேசம ேகா ைட (வ.கி) ம (ஊ) ேசம ேகா ைட தி ப , 6.ெகாள பா க (வ.கி) ம (ஊ) ெகாள பா க க ேகாய வதி , 7.ேசம ேகா ைட (வ.கி) ம (ஊ) ேசம ேகா ைட ெத",yes
181,181,"ஆதிதிராவ ட நலேம நிைல ப ள ,கிழ பா த ேம ப தி,ேசம ேகா ைட - 607106","1.ேசம ேகா ைட (வ.கி) ம (ஊ) ேந ஜ வதி , 2.ேசம ேகா ைட (வ.கி) ம (ஊ) காமரா வதி",yes
182,182,"ஆதிதிராவ ட நலேம நிைல ப ள ,கிழ பா த கிழ ப தி,ேசம ேகா ைட - 607106","1.ேசம ேகா ைட (வ.கி) ம (ஊ) கா தி வதி , 2.ேசம ேகா ைட (வ.கி) ம (ஊ) அ ேப கா வதி , 3.ேசம ேகா ைட (வ.கி) ம (ஊ) க ணகி ர வதி",yes
183,183,"ஊரா சி ஒ றிய வ க ப ள ,ேம பா த திய க ட ,ராய பாைளய - 607101","1.ராய பாைளய (வ.கி) ம (ஊ) ெமய ேரா , 2.ராய பாைளய (வ.கி) ம (ஊ) ப ைளயா ேகாய ெத , 3.ராய பாைளய (வ.கி) ம (ஊ) ெத , 4.ராய பாைளய (வ.கி) ம (ஊ) மா ய ம ேகாய",yes
184,184,"ஊரா சி ஒ றிய ந நிைல ப ள ,ேம பா த திய க ட தி ெத ப தி,மண தவ த - 607101","1.மண தவ த (வ.கி) ம (ஊ) பைழய காலன வட ெத , 2.மண தவ த (வ.கி) ம (ஊ) பைழய காலன ேம ெத , 3.மண தவ த (வ.கி) ம (ஊ) பைழய காலன ந ெத , 4.மண தவ த (வ.கி) ம (ஊ) பைழய காலன மா ய ம ேகாய ெத , 5.மண தவ த (வ.கி) ம (ஊ) திய காலன 1வ ெத , 6.மண தவ த (வ.கி) ம (ஊ) காலன 2 வ ெத , 7.மண தவ த (வ.கி) ம (ஊ) காலன 3 வ ெத , 8.மண தவ த (வ.கி) ம (ஊ) காலன 4 வ ெத , 9.மண தவ த (வ.கி) ம (ஊ) காலன 5வ ெத , 10.மண தவ த (வ.கி) ம (ஊ) காலன 6வ ெத , 11.மண தவ த (வ.கி) ம (ஊ) காலன ள ெத , 12.மண தவ த (வ.கி) ம (ஊ) காலன ெத",yes
185,185,"ஊரா சி ஒ றிய ந நிைல ப ள ,ேம பா த திய க ட தி வட ப தி,மண தவ த - 607101","1.ேம அ ண (வ.கி), மண தவ த (ஊ) ேம அ ண ெமய ேரா வட ெத , 2.ேம அ ண (வ.கி), மண தவ த (ஊ) ேம அ ண காம ேகாய ெத , 3.ேம அ ண (வ.கி), மண தவ த (ஊ) ேம அ ண ந ெத , 4.ேம அ ண (வ.கி), மண தவ த (ஊ) ேம அ ண ெர யா ெத , 5.ேம அ ண (வ.கி), மண தவ த (ஊ) ேம அ ண ராமலி கசாமி ேகாய ெத , 6.ேம அ ண (வ.கி), மண தவ த (ஊ) ேம அ ண ெமய ேரா ெத , 7.ேம அ ண (வ.கி), மண தவ த (ஊ) ேம அ ண காலன வட ெத , 8.ேம அ ண (வ.கி), மண தவ த (ஊ) ேம அ ண காலன மா ய ம ேகாய ெத , 9.ேம அ ண (வ.கி), மண தவ த (ஊ) ேம அ ண காலன ெத ெத",yes
186,186,"ஊரா சி ஒ றிய வ க ப ள ,வட பா த ேம ப தி,மண பா க - 607106","1.மண பா க (வ.கி) ம (ஊ) க ய பாைளய ப ைளயா ேகாய ெத , 2.மண பா க (வ.கி) ம (ஊ) க ய பாைளய மா ய ம ேகாய ெத , 3.மண பா க (வ.கி) ம (ஊ) க ய பாைளய ேதா ெத , 4.மண பா க (வ.கி) ம (ஊ) மண பா க ெப மா ேகாய ெத",yes
187,187,"ஊரா சி ஒ றிய வ க ப ள ,ெத பா த கிழ ப க க ட ,மண பா க - 607106","1.மண பா க (வ.கி) ம (ஊ) ைக அ ம ேகாய ெத , 2.மண பா க (வ.கி) ம (ஊ) ப ைளயா ேகாய ெத , 3.மண பா க (வ.கி) ம (ஊ) மா ய ம ேகாய ெத , 4.மண பா க (வ.கி) ம (ஊ) ேரா ெத , 5.மண பா க (வ.கி) ம",yes
188,188,"அரசின உய நிைல ப ள ,ேம பா த க ட வட ப தி அைற எ - 1,அ ெச பாைளய - 607110","1.அ ெச பாைளய (வ.கி) ம (ஊ) ேசல ெமய ேரா , 2.அ ெச பாைளய (வ.கி) ம (ஊ) அ ம ேகாவ ெத , 3.அ ெச பாைளய (வ.கி) ம (ஊ) கிழ ெத , 4.அ ெச பாைளய (வ.கி) ம (ஊ) ெப மா ேகாவ ெத",yes
189,189,"அரசின உய நிைல ப ள ,ேம பா த திய க ட வட ப தி அைற எ - 2,அ ெச பாைளய - 607110","1.அ ெச பாைளய (வ.கி) ம (ஊ) ேசல ெமய ேரா , 2.அ ெச பாைளய (வ.கி) ம (ஊ) ப ள வாச ெத , 3.அ ெச பாைளய (வ.கி) ம (ஊ) ேசைசய நக , 4.அ ெச பாைளய (வ.கி) ம (ஊ) ேம ெத 5.அ ெச பாைளய (வ.கி) ம (ஊ) ெந ெத , 6.அ ெச பாைளய (வ.கி) ம (ஊ) சி வ ேரா , 7.அ ெச பாைளய (வ.கி) ம (ஊ) ேம ெத",yes
190,190,"அரசின உய நிைல ப ள ,கிழ பா த க ட வட ப தி அைற எ -5,அ ெச பாைளய -",1.அ ெச பாைளய (வ.கி) ம (ஊ) ஓைட ெத,yes
191,191,"ஊரா சிஒ றிய வ க ப ள ,ெத பா த க ட கிழ ப தி ,ெகா பாைளய அ ெச பாைளய - 607110","1.அ ெச பாைளய (வ.கி) ம (ஊ) க ேகாய ெத , , 2.அ ெச பாைளய (வ.கி) ம (ஊ) ப ைளயா ேகாவ ெத , அைன",yes
192,192,"ஊரா சிஒ றிய வ க ப ள ,ெத பா த க ட ேம ப தி ,ெகா பாைளய அ ெச பாைளய - 607110",1.அ ெச பாைளய (வ.கி) ம (ஊ) மா ய ம ேகாவ ெத 2.அ ெச பாைளய (வ.கி) ம (ஊ) அ யனா ேகாவ ெத அைன,yes
193,193,"ஊரா சி ஒ றிய வ க ப ள ,ேம க ட தி ெத ப தி,அ ெச பாைளய - 607110",1.அ ெச பாைளய (வ.கி) ம (ஊ) பைழய காலன,yes
194,194,"அரசின உய நிைல ப ள ,கிழ பா தத க ட வட ப தி அைற எ -3,அ ெச பாைளய - 607110",1.அ ெச பாைளய (வ.கி) ம (ஊ) பைழய காலன க ேகாய ெத அைன,yes
195,195,"ஊரா சி ஒ றிய வ க ப ள ,ேம க ட தி வட ப தி,அ ெச பாைளய - 607110",1.அ ெச பாைளய (வ.கி) ம (ஊ) திய காலன,yes
196,196,"அரசின உய நிைல ப ள ,கிழ பா தத க ட வட ப தி அைற எ -4,அ ெச பாைளய - 607110",1.அ ெச பாைளய (வ.கி) ம (ஊ) சி வ ப தி,yes
197,197,"ஊரா சி ஒ றிய வ க ப ள ,ெத பா த க ட ேம ப தி ,ல மிநாராயண ர -","1.ல மிநாராயண ர (வ.கி) ம (ஊ) மா ய ம ேகாய ெத , 2.ல மிநாராயண ர (வ.கி) ம (ஊ) அ காள ம ேகாய ெத , 3.ல மிநாராயண ர (வ.கி) ம (ஊ) மா ய ம ேகாய ெத",yes
198,198,"ஊரா சி ஒ றிய வ க ப ள ,ெத பா த க ட கிழ ப தி ,ல மிநாராயண ர - 607106","1.ல மிநாராயண ர (வ.கி) ம (ஊ) ெச ெத , 2.ல மிநாராயண ர (வ.கி) ம (ஊ) திெரௗபதிய ம ேகாய ெத , 3.ல மிநாராயண ர (வ.கி) ம (ஊ) காமா சிய ம ேகாய ெத , 4.ல மிநாராயண ர (வ.கி) ம (ஊ) க மார ெத",yes
199,199,"ஆதிதிராவ ட நல ப ள ,வட பா த க ட ேம ப தி,ல மிநாராயண ர - 607106","1.ல மிநாராயண ர (வ.கி) ம (ஊ) ெச ைன சாைல அ ரகார ெத , 2.ல மிநாராயண ர (வ.கி) ம (ஊ) யவ வதி , 3.ல மிநாராயண ர (வ.கி) ம (ஊ) ேட பா நக",yes
200,200,"ஆதிதிராவ ட நல ப ள ,வட பா த க ட தி கிழ ப தி,ல மிநாராயண ர - 607106","1.ல மிநாராயண ர (வ.கி) ம (ஊ) ந தேகாபாலகி ண நக , 2.ல மிநாராயண ர (வ.கி) ம (ஊ) ைதயா நக , 3.ல மிநாராயண ர (வ.கி) ம (ஊ) ேவதா த நக , 4.ல மிநாராயண ர (வ.கி) ம (ஊ) ெப யா நக",yes
201,201,"லக க ட ,ெத பா த க ட கிழ ப தி ,ல மிநாராயண ர - 607106","1.ல மிநாராயண ர (வ.கி) ம (ஊ) பாரதி நக வட ெத , 2.ல மிநாராயண ர (வ.கி) ம (ஊ) பாரதி நக ெத ெத",yes
202,202,"ஊரா சி ஒ றிய ேசைவைமய ,கிழ பா த க ட ேம ப தி ,ல மிநாராயண ர - 607106","1.ல மிநாராயண ர (வ.கி) ம (ஊ) பாரதிநக மா ய ம ேகாய ெத , 2.ல மிநாராயண ர (வ.கி) ம (ஊ) பாரதி நக அ யனா ேகாய காலன , 3.ல மிநாராயண ர (வ.கி) ம (ஊ) பாரதி நக ெப யா நத , 4.ல மிநாராயண ர (வ.கி) ம (ஊ) ெச ைன சாைல",yes
203,203,"ன த ம யா ெம ேலஷ ப ள ,கிழ பா த க ட ெத ப தி 10 வ அைற ,ல மிநாராயண ர - 607106","1.ல மிநாராயண ர (வ.கி) ம (ஊ) வ.உ.சி நக றி சி ெத , 2.ல மிநாராயண ர (வ.கி) ம (ஊ) வ.உ.சி நக ராஜராஜ வதி , 3.ல மிநாராயண ர (வ.கி) ம (ஊ) வ.உ.சி நக ேசர ெத , 4.ல மிநாராயண ர (வ.கி) ம (ஊ) வ.உ.சி நக ேசாழ ெத , 5.ல மிநாராயண ர (வ.கி) ம (ஊ) வ.உ.சி நக பா ய ெத , 6.ல மிநாராயண ர (வ.கி) ம (ஊ) வ.உ.சி நக பாரதி ெத , 7.ல மிநாராயண ர (வ.கி) ம (ஊ) வ.உ.சி நக மா ய ம ேகாய ெத , 8.ல மிநாராயண ர (வ.கி) ம (ஊ) வ.உ.சி நக க ப ெத , 9.ல மிநாராயண ர (வ.கி) ம (ஊ) வ.உ.சி நக ப லவ ெத , 10.ல மிநாராயண ர (வ.கி) ம (ஊ) வ.உ.சி நக ைவைக ெத",yes
204,204,"ன த ம யா ெம ேலஷ ப ள ,கிழ பா த க ட வட ப தி 1 -வ -அ ப அைற ,ல மிநாராயண ர - 607106","1.ல மிநாராயண ர (வ.கி) ம (ஊ) வ.உ.சி நக காேவ ெத , 2.ல மிநாராயண ர (வ.கி) ம (ஊ) வ.உ.சி நக ைல ெத , 3.ல மிநாராயண ர (வ.கி) ம (ஊ) கணபதி நக காமராஜ ெத , 4.ல மிநாராயண ர (வ.கி) ம (ஊ) கணபதி நக இ திரா கா தி வதி , 5.ல மிநாராயண ர (வ.கி) ம (ஊ) கணபதி நக மகா மாகா தி வதி , 6.ல மிநாராயண ர (வ.கி) ம (ஊ) ெச ைன சாைல , 7.ல மிநாராயண ர (வ.கி) ம (ஊ) ராஜா தி அ மா நக , 8.ல மிநாராயண ர (வ.கி) ம (ஊ) உேச நக , 9.ல மிநாராயண ர (வ.கி) ம (ஊ) க தப கி த கா ேரா ம",yes
205,205,"ன த ம ய ைன ெம ேலஷ ப ள , .ேக.ஜி வ அைற ெத பா த க ட கிழ ப தி,ல மிநாராயண ர - 607106","1.ல மிநாராயண ர (வ.கி) ம (ஊ) ெச ைன சாைல , 2.ல மிநாராயண ர (வ.கி) ம (ஊ) த கா ப கி ேரா , 3.ல மிநாராயண ர (வ.கி) ம (ஊ) ஆ .எ மண நக 1வ ெத , 4.ல மிநாராயண ர (வ.கி) ம (ஊ) ஆ .எ மண நக 2 வ ெத",yes
206,206,"ன த ம ய ைன ெம ேலஷ ப ள ,ெத பா த க ட ேம ப தி 1- வ -ப ப அைற ,ல மிநாராயண ர - 607106","1.ல மிநாராயண ர (வ.கி) ம (ஊ) ஆ .எ மண நக 3 வ ெத , 2.ல மிநாராயண ர (வ.கி) ம (ஊ) ஆ .எ மண நக 4 வ ெத , 3.ல மிநாராயண ர (வ.கி) ம (ஊ) ஆ .எ மண நக 5 வ ெத , 4.ல மிநாராயண ர (வ.கி) ம (ஊ)ல மிநாராயண ர (ஊ) ஆ .எ மண நக 6 வ ெத",yes
207,207,"ன த ம ய ைன ெம ேலஷ ப ள ,எ ேக ஜி வ பைற ெத பா த க ட கிழ ப தி,ல மிநாராயண ர - 607106","1.ல மிநாராயண ர (வ.கி) ம (ஊ) ஆ .எ மண நக 7 வ ெத , 2.ல மிநாராயண ர (வ.கி) ம (ஊ) ஆ .எ மண நக 8 வ ெத , 3.ல மிநாராயண ர (வ.கி) ம (ஊ) ேதவ நக ச ெத",yes
208,208,"ன த ம ய ைன ெம ேலஷ ப ள ,ெத பா த க ட ந ப தி 2- வ ப - ப ,ல மிநாராயண ர - 607106","1..ல மிநாராயண ர (வ.கி) ம (ஊ) ஆ .எ மண நக 9 வ ெத , 2..ல மிநாராயண ர (வ.கி) ம (ஊ) காலன 1 வ ெத , 3.ல மிநாராயண ர (வ.கி) ம (ஊ) காலன 2 வ ெத , 4.ல மிநாராயண ர (வ.கி) ம (ஊ) காலன 3 வ ெத , 5.ல மிநாராயண ர (வ.கி) ம (ஊ) காலன 4 வ ெத , 6.ல மிநாராயண ர (வ.கி) ம (ஊ) காலன 5 வ ெத , 7.ல மிநாராயண ர (வ.கி) ம (ஊ) ஷா உேச ஷா த கா , 8.ல மிநாராயண ர (வ.கி) ம (ஊ) த ேம வர நக",yes
209,209,"நகரா சி கமதிய வ க ப ள ,வட பா த க ட ேம ப தி,வ .ஆ ப ப நகரா சி - 607106","1.ப (ந) வா 1,ஆ ப , அழக ப ெத , 2.ப (ந) வா 1,மா ய ம ேகாவ ெத , 3.ப (ந) வா 1,ஆ ப ந தனா காலன , 4.ப (ந) வா 1,பா ப யா நக",yes
210,210,"நகரா சி கமதிய வ க ப ள ,வட பா த க ட கிழ ப தி,வ .ஆ ப ப நகரா சி - 607106","1.ப (ந) வா 1,சிவ பைட ெத , 2.ப (ந) வா 1,ஜாகீ உேச ெத , 3.ப (ந) வா 1,ஆ ப , ப ைளயா ேகாவ ெத",yes
211,211,"அரசின ெப க உய நிைல ப ள ,கிழ பா த திய க ட அைற எ 58,ப நகரா சி - 607106","1.ப (ந) வா 2, திெரௗபதி அ ம ேகாய ெத , 2.ப (ந) வா 2,ேகாவ த ெத , 3.ப (ந) வா 2,இராம ெத , 4.ப (ந) வா 2, வ . ப ைளயா ேகாவ ெத , 5.ப (ந) வா 2,நா வ ெத",yes
212,212,"அரசின ெப க உய நிைல ப ள , திய க ட தி ெத ப தி அைற எ 57,ப நகரா சி - 607106","1.ப (ந) வா 3, வ.ஊ.சி நக , 2.ப (ந) வா 2,ேகாபா ெத , 3.ப (ந) வா 2,ெபா ன ப ெத , 4.ப (ந) வா 2, தி ைல ேகாவ த ெத , 5.ப (ந) ம சின நக",yes
213,213,"நகரா சி வ க ப ள ,வட பா த ேம ப தி,அ ேஜாதி நக ப நகரா சி - 607106","1.ப (ந) வா 25,26 எ .ெப மா ேகாய ெத , 2.ப (ந) வா 26 , மா நக , 3.ப (ந) வா 26 , மண நக ெத 1 , 4.ப (ந) வா 26 , மண நக ெத 2 , 5.ப (ந) வா 26 , மண நக ெத 3 , 6.ப (ந) வா 26 , மண நக ெத 4 , 7.ப (ந) வா 26 , M.G.R நக , 8.ப (ந) வா 26 , ெகா பாைளய ெத , 9.ப (ந) வா 26 , ந லா ெத",yes
214,214,"நகரா சி வ க ப ள ,ெத பா த கிழ ப க க ட ,அ ேஜாதி நக ப நகரா சி - 607106","1.ப (ந) வா 26 , ெசா ைள சபாபதி ெத , 2.ப (ந) வா 26 , ெசா ைள ச தி நக , 3.ப (ந) வா 26 , க தசாமி ெத , 4.ப (ந) வா 26 , த தா சீ வாச ெத , 5.ப (ந) வா 26 , ஆதனெமாழி ெத , 6.ப (ந) வா 26 , எ . ப ைளயா ேகாய ெத , 7.ப (ந) வா 26 , அ ேஜாதி நக ெமய ேரா , 8.ப (ந) வா 26 , அ ேஜாதி நக த ெத , 9.ப (ந) வா 26 , அ ேஜாதி நக இர டாவ ெத , 10.ப (ந) வா 26 , அ ேஜாதி நக றாவ ெத , 11.ப (ந) வா 26 , அ ேஜாதி நக நா காவ ெத , 12.ப (ந) வா 26 , எழி நக 1வ ெத , 13.ப (ந) வா 26 , எழி நக 2வ ெத , 14.ப (ந) வா 26 , எழி நக 3வ ெத , 15.ப (ந) வா 26 , எழி நக 5வ ெத , 16.ப (ந) வா 26 , ராேஜ வ நக 2வ ெத",yes
215,215,"ராயெச யா ெப க ேம நிைல ப ள ,ெமய க ட , அைற எ 5,ப நகரா சி - 607106","1.ப (ந) வா 25, ேச கிழா ெத , 2.ப (ந) வா 25, வடமைல ராமசாமி ெத , 3.ப (ந) வா 25, ச டநாத ெத , 4.ப (ந) வா 25, பாவாைட ெத , 5.ப (ந) வா 25, தி கா ெத , 6.ப (ந) வா 25, வா வ ெத",yes
216,216,"ராயெச யா ெப க ேம நிைல ப ள ,ேம பா த ெமய க ட அைறஎ - 9,ப நகரா சி - 607106","1.ப (ந) வா 25, எ .பஜா ெத , 2.ப (ந) வா 25, ச டநாத ச , 3.ப (ந) வா 25, படவ ட ம ேகாய ெத , 4..ப (ந) வா 25, பைடவ ட ம ேகாய 2,3 வ ச ,5..ப (ந) வா 25, ப யா நக",yes
217,217,"ராயெச யா ெப க ேம நிைல ப ள ,ெமய க ட , அைற எ 4,ப நகரா சி - 607106","1.ப (ந) வா 27, ,கா தி ேரா , 2.ப (ந) வா 27, ,சீல கார ெத , 3.ப (ந) வா 27, ,பாரதமாதா ெத , 4.ப (ந) வா 27, ,ஆதி ெத",yes
218,218,"நகரா சி கமதிய வ க ப ள ,ெத பா த தியக ட ேம ப தி,ப நகரா சி - 607106","1.ப (ந) வா 3,ஆசா ெத , 2.ப (ந) வா 3, வ ழம கல பா ைட , 3.ப (ந) வா 4, த கா வ ேம 1வ ெத , அைன",yes
219,219,"நகரா சி கமதிய வ க ப ள ,ெத பா த திய க ட கிழ ப க அைற வட ப தி ,ப நகரா சி - 607106","1.ப (ந) வா 4, த கா வ ேம 2 வ ெத , 2.ப (ந) வா 4, த கா வ ேம 3 வ ெத , 3.ப (ந) வா 4, த கா வ ேம 4வ ெத , 4.ப (ந) வா 4, த கா வ ேம 5 வ ெத , 5.ப (ந) வா 4, த கா ய",yes
220,220,"ன த அ ைன ப . தலியா வ க ப ள ,ெத க ட கிழ அைற,ப நகரா சி - 607106","1.ப (ந) வா 5, மா ய ம ேகாவ ெத , 2.ப (ந) வா 7, ஜவக ெத",yes
221,221,"ன த அ ைன ப . தலியா வ க ப ள ,ெத க ட ேம அைற,ப நகரா சி - 607106","1.ப (ந) வா 7, ெபா சாமி ெத , 2.ப (ந) வா 7, ெச ேம ெத , 3.ப (ந) வா 5, ேசாேம வர ேகாவ ெத",yes
222,222,"ன த அ ைன ப . தலியா ேம நிைல ப ள ,வ பைற எ -10-ப வட பா த க ட ,ப நகரா சி - 607106","1.ப (ந) வா 6 , அ பா ப த ெத , 2.ப (ந) வா 6 , மனா சி அ ம ேப ைட ெத , 3.ப (ந) வா 6 , தனபா ெத அைன",yes
223,223,"ன த அ ைன ப . தலியா ேம நிைல ப ள ,வ பைற எ -10-சி வட பா த க ட ,ப நகரா சி - 607106","1.ப (ந) வா 5, க பா ெத , 2.ப (ந) வா 5, பன கா ெத , 3.ப (ந) வா 5, பைழய மா ெக ெத அைன",yes
224,224,"ெத னா கா மாவ ட ஒ ைற வ பைன ட ,கிழ ப தி,ப நகரா சி - 607106","1.ப (ந) வா 23,30 , வ.உ.சி.ெத , 2.ப (ந) வா 23 , ராஜாஜி ெத , 3.ப (ந) வா 4 , ச க ச , 4.ப (ந) வா 23 , கம நப ெத , 5.ப (ந) வா 23 , கம நப ச , 6.ப (ந) வா 4 , எ .ஜி ேதவநாத ெத , 7.ப (ந) வா 23,4 , கா தி ேரா (ப தி) , 8.ப (ந) வா 23 , கம நப ச 2",yes
225,225,"ெத னா கா மாவ ட ஒ ைற வ பைன ட , ேடா 2 வட பா த க ட கிழ ப தி,ப நகரா சி - 607106","1.ப (ந) வா 29, ச திய தி ெத , 2.ப (ந) வா 29, சலைவ ெதாழிலாள ய அைன",yes
226,226,"ெத னா கா மாவ ட ஒ ைற வ பைன ட , ேடா 2 வட பா த ேம ப தி,ைடவ ஷ ேரா ப நகரா சி - 607106","1.ப (ந) வா 29, ச திய தி ெத , 2.ப (ந) வா 29, கவைலேம , 3.ப (ந) வா 29, ச திய தி ச 2 அைன",yes
227,227,"அரசின ெப க உய நிைல ப ள , திய க ட அைற எ 56 கிழ பா த ,ப நகரா சி - 607106","1.ப (ந) வா 3, கா தி ேரா , 2.ப (ந) வா 24, ேக.சி ப ைளயா ேகாய ெத , 3.ப (ந) வா 24,க ப ெத , அைன",yes
228,228,"அரசின ெப க உய நிைல ப ள ,வட பா த திய க ட ஆசி ய க அைற,ப நகரா சி - 607106","1.ப (ந) வா 24, சிபாைளய ெத , 2.ப (ந) வா 24,காமராஜ ெத ,3.ப (ந) வா 24,காமராஜ ச 1 , 4.ப (ந) வா 24,காமராஜ ச 2",yes
229,229,"அரசின ெப க உய நிைல ப ள ,சீ தாரா க ட கிழ ப தி,ப நகரா சி - 607106","1.ப (ந) வா 24, எ .ப . .ராமசாமி ெத , 2.ப (ந) வா 24, க பா க ெத 1 , 3.ப (ந) வா 24, க பா க ெத 2 , 4.ப (ந) வா 24,வ ைனய ச",yes
230,230,"நகரா சி ந நிைல ப ள ,வட பா த ெத ப க க ட கிழ ப தி,கா தி ெத ( ப சவ ண நக ) ப நகரா சி - 607106","1.ப (ந) வா 28 கா தி ேரா , 2.ப (ந) வா 28 கா திநக காலன ,3.ப (ந) வா 28 கா தி ேரா , அைன",yes
231,231,"நகரா சி ந நிைல ப ள ,வட பா த ெத ப க க ட 6-ஆ வ பைற,கா தி ெத ( ப சவ ண நக ) ப நகரா சி - 607106",1.ப (ந) வா 28 ைடவ ஷ ேரா,yes
232,232,"நகரா சி ந நிைல ப ள ,ெத ப க க ட வட பார த ேம ப தி வ பைற எ 3,கா தி ெத ( ப சவ ண நக ) ப நகரா சி - 607106","1.ப (ந) வா 28 தரா பா நக , 2.ப (ந) வா 28 பாரதி நக , 3.ப (ந) வா 28 சர வதி நக , 4.ப (ந) வா 28 ைதய நக , 5.ப (ந) வா 28 தனல மி நக",yes
233,233,"நகரா சி ந நிைல ப ள ,வட பா த ெத ப க க ட ந ப தி அைற -2,கா தி ெத ( ப சவ ண நக ) ப","1.ப (ந) வா 28 ஏ ேம , 2.ப (ந) வா 28 தி ப , அைன",yes
234,234,"நகரா சி ந நிைல ப ள ,கிழ பா த ேம ப க க ட ந அைற ,கா தி ெத ( ப சவ ண நக ) ப நகரா சி - 607106",1.ப (ந) வா 28 ப சவ ண நக,yes
235,235,"நகரா சி ந நிைல ப ள ,வட பா த ெத ப க க ட ேம ப தி,கா தி ெத ( ப சவ ண நக )","1.ப (ந) வா 28 அ யனா ேகாவ ெத , 2.ப (ந) வா 28 தாயார மா நக , 3.ப (ந) வா 28 ஐயனா ேகாய பா ைட அைன",yes
236,236,"ெஜய தி வ யாலயா ப ள ,வட பா த க ட கிழ ப தி,அ ைவயா பாைளய ெத ப நகரா சி - 607106","1.ப (ந) வா 22, பேகாண ேரா , 2.ப (ந) வா 22, சைடய ப ெத , 3.ப (ந) வா 22,பஜைன மடெத , 4.ப (ந) வா 22,ச பாண ச , 5.ப (ந) வா 23, ச பாண ெத , 6.ப (ந) வா 23, தா ெத , 7.ப (ந) வா 23, வ ளலா ெத , 8.ப (ந) வா 31, ராமசாமி ெத",yes
237,237,"ேடன மிஷ ஆர ப ப ள ,ெத பா த வட க ட கிழ ப தி,வ.உ.சி.ெத ப நகரா சி - 607106","1.ப (ந) வா 18 , வ .எ அ வ ஷா நக 1 , 2.ப (ந) வா 18 , வ .எ அ வ ஷா நக 2 , 3.ப (ந) வா 18 , வ .எ அ வ ஷா நக 3 , 4.ப (ந) வா 18 , வ .எ அ வ ஷா நக 4",yes
238,238,"ேடன மிஷ ஆர ப ப ள ,ேம பா த கிழ ப க க ட -3-ஆ வ பைற ,வ.உ.சி.ெத ப நகரா சி - 607106","1.ப (ந) வா 21 , ஈ.ப காலன , 2.ப (ந) வா 21 , ஈ.ப காலன ெத , 3.ப (ந) வா 21 , பேகாண ேரா (ப தி) , 4.ப (ந) வா 21 , பேகாண ேரா ெத , 5.ப (ந) வா 21 , பேகாண ேரா ெத 2 , 6.ப (ந) வா 21 , சிேலா ஆ ப ட ெத ,7.ப (ந) வா 30 , வ.உ.சி ெத 1 , 8.ப (ந) வா 30 , வ.உ.சி ெத 2",yes
239,239,"ேடன மிஷ ஆர ப ப ள ,ெத பா த வட க ட ேம ப தி,வ.உ.சி.ெத ப நகரா சி - 607106","1.ப (ந) வா 30, வ.உ.சி.ெத (ப தி) , 2, 2.ப (ந) வா 30 , ெப யா டவ ேகாய ெத அைன",yes
240,240,"ேடன மிஷ ஆர ப ப ள ,ெத பா த வட க ட ந ப தி 4-ஆ வ பைற ,வ.உ.சி.ெத ப நகரா சி - 607106","1.ப (ந) வா 31 , அைவயா பாைளய ெத , 2.ப (ந) வா 31, அ ைவ ெத அைன",yes
241,241,"நகரா சி ந நிைல ப ள ,கிழ பா த ேம க ட ,ேபாலி ைல ேமல பாைளய ப நகரா சி - 607106","1.ப (ந) வா 21 , ேபாலி ைல 1வ ெத ,2..ப (ந) வா 21 , ேபாலி ைல 1வ ெத ச , 3.ப (ந) வா 21 , ேபாலி ைல 2 வ ெத , 4.ப (ந) வா 21 , ேபாலி ைல 2வ ெத ச 1 , 5.ப (ந) வா 21 , ேபாலி ைல 2 வ ெத ச 2 , 6.ப (ந) வா 21 , வ ஜயா பா நக 1வ ெத , 7.ப (ந) வா 21 , வ ஜயா மா நக 2 வ ெத",yes
242,242,"நகரா சி ந நிைல ப ள ,கிழ பா த ேம க ட கண ண அைற,ேபாலி ைல ேமல பாைளய ப நகரா சி - 607106","1.ப (ந) வா 21 , ேபாலி ைல 3 வ ெத , 2.ப (ந) வா 21 , ேபாலி ைல 3 வ ெத ச 1 , 3.ப (ந) வா 21 , அ ததிய நக 1 வ ெத , 4..ப (ந) வா 21 , அ ததிய நக 2வ ெத",yes
243,243,"நகரா சி ந நிைல ப ள ,ேம பா த வட ப க க ட ,ேபாலி ைல ேமல பாைளய ப நகரா சி - 607106","1.ப (ந) வா 20 , ேபா ைல 4வ ெத , 2.ப (ந) வா 20 , ேபா ைல 5வ ெத அைன",yes
244,244,"நகரா சி ந நிைல ப ள ,ேம பா த க ட ெத ப க அைற ,ேபாலி ைல ேமல பாைளய ப நகரா சி - 607106","1.ப (ந) வா 19 , ேபா ைல 6வ ெத , 2.ப (ந) வா 19 , ேபா ைல 7 ெத , 3.ப (ந) வா 19 , ேபா ைல 8 ெத",yes
245,245,"நகரா சி ந நிைல ப ள ,கிழ பா த க ட வட ப தி ,ேபாலி ைல ேமல பாைளய ப நகரா சி - 607106","1.ப (ந) வா 17 , ேமல பாைளய -பா ைட , 2.ப (ந) வா 17 , ேமல பாைளய பஜைன மட ெத , 3.ப (ந) வா 17, ேநதாஜ நக , 4.ப (ந) வா 17 , பக ட ெத",yes
246,246,"நகரா சி ந நிைல ப ள ,ெத பா த வட ப க க ட ,ேபாலி ைல ேமல பாைளய ப நகரா சி - 607106","1.ப (ந) வா 19 , வர டலி க நக , 2.ப (ந) வா 17 , இ ைப ேதா , அைன",yes
247,247,"நகரா சி ந நிைல ப ள ,ேம பா த கிழ க ட நவன அைற - 2,ேபாலி ைல ேமல பாைளய ப நகரா சி - 607106","1.ப (ந) வா 18 , ல மிபதி நக , 2.ப (ந) வா 18 , வ .எ .ப நக அைன",yes
248,248,"ெபா பண ைற உதவ ெபாறியாள அ வலக ,ெத பா த க ட கிழ ப தி,கட சாைல ப நகரா சி - 607106","1.ப (ந) வா 8 ெச ைன சாைல(ப தி) , 2.ப (ந) வா 8 அ ேப கா நக , 3.ப (ந) வா 8 ரய ேவ ப ட சாைல அைன",yes
249,249,"ழ ைதக ைமய ,கிழ பா த க ட ,தி வ வ நக ப நகரா சி - 607106","1.ப (ந) வா 9, தி வ வ நக 1வ ெத , 2.ப (ந) வா 9 , தி வ வ நக 2 வ ெத ,3.ப (ந) வா 9 , தி வ வ நக 3வ ெத",yes
250,250,"ச தாய ட ,வட பா த க ட கிழ ப தி ,தி வ வ நக ப நகரா சி - 607106","1.ப (ந) வா 9 , தி வ வ நக 4வ ெத ,2.ப (ந) வா 9 , தி வ வ நக 5 வ ெத , 3.ப (ந) வா 9 , தி வ வ நக 6வ ெத ,4.ப (ந) வா 9 , தி வ வ நக 7வ ெத , 5.ப (ந) வா 9 , தி வ வ நக 8வ ெத",yes
251,251,"ச தாய ட ,வட பா த க ட ,தி வ வ நக ப நகரா சி - 607106","1.ப (ந) வா 11,ரய ேவ ேரா காலன 1 ம 2",yes
252,252,"ப ெதாழி பய சி நிைலய ,கிழ பா த ெத ப க க ட பண மைண கிட ,பண மைன கிட ப நகரா சி - 607106","1.ப (ந) வா 10, சாமியா த கா , 2.ப (ந) வா 10, ஏ ேம",yes
253,253,"ப ெதாழி பய சி நிைலய ,ேம பா த ெத ப க க ட பண மைண கிட ,பண மைன கிட ப நகரா சி - 607106","1.ப (ந) வா 9, அ.ப சிவராம நக , 2.ப (ந) வா 9, ப . .எ மண நக அைன",yes
254,254,"நகரா சிஉய நிைல ப ள ,ேம க ட வட ப தி,தி வதிைக ப நகரா சி - 607106","1.ப (ந) வா 12, ெச ப டைர காலன 1 வ ெத , 2.ப (ந) வா 12,ெச ப டைர காலன 2 வ ெத",yes
255,255,"நகரா சிஉய நிைல ப ள ,ேம பா த கிழ ப க க ட வட ப தி,தி வதிைக ப நகரா சி - 607106","1.ப (ந) வா 12,ெச ப டைர காலன 3 வ ெத , 2.ப (ந) வா 12, ெச ப டைர காலன 4வ ெத , 3.ப (ந) வா 12,ெச ப டைர காலன 5வ ெத , 4.ப (ந) வா 12,ெச ப டைர காலன 6 வ ெத , 5.ப (ந) வா 12,ெச ப டைர காலன 7 வ ெத , 6.ப (ந) வா 12,ெச ப டைர காலன 8 வ ெத , 7.ப (ந) வா 12,ெச ப டைர காலன 9 வ ெத , 8.ப (ந) வா 12,ெச ப டைர காலன 10 வ ெத , 9.ப (ந) வா 12,ெச ப டைர காலன 11 வ ெத , 10.ப (ந) வா",yes
256,256,"நகரா சி உய நிைல ப ள ,ேம க ட வட ப தி,தி வதிைக ப நகரா சி - 607106","1.ப (ந) வா 11, கட சி ைடவ ஷ ேரா , 2.ப (ந) வா 11,ப கி பாைளய அைன",yes
257,257,"நகரா சி உய நிைல ப ள ,கிழ ப க க ட ந ப தி,தி வதிைக ப நகரா சி - 607106","1.ப (ந) வா 11,ப கி பாைளய காலன , 2.ப (ந) வா 11,தமி நா வ வசதி வா ய ய , 3.ப (ந) வா 33, ெமா டலி க ெத , 4.ப (ந) வா 33,பாரதி ெத , 5.ப (ந) வா 33,மா ய ம ேகாய ெத , 6.ப (ந) வா 33,க ணகி ெத",yes
258,258,"நகரா சி உய நிைல ப ள ,ேம பா த க ட ந ப தி ,தி வதிைக ப நகரா சி - 607106","1.ப (ந) வா 13 , ேகா ல ெத , 2.ப (ந) வா 13 , தி வதிைக ெமய ேரா அைன",yes
259,259,"நகரா சி உய நிைல ப ள ,ேம பா த கிழ ப க திய க ட ெத ப தி அைற எ -3,தி வதிைக ப நகரா சி - 607106","1.ப (ந) வா 13 , தி வதிைக ெமய ேரா",yes
260,260,"நகரா சிஉய நிைல ப ள ,ெத ப தி கிழ க ட ,தி வதிைக ப நகரா சி - 607106","1.ப (ந) வா 14, ைட ெத ,2.ப (ந) வா 14,வைளய கார I ெத , 3.ப (ந) வா 14,வைளய கார ெத 2 , 4.ப (ந) வா 14,க கால ெத , 5.ப (ந) வா",yes
261,261,"நகரா சி உய நிைல ப ள ,கிழ பா த பைழய க ட ெத ப தி அைற எ -5,தி வதிைக ப நகரா சி - 607106 ,1..ப (ந) வா 14,வா கார ெத 1 , 2.ப (ந) வா 14,வா கார ெத 2 , 3.ப (ந) வா 14,வா கார ெத 3",,yes
262,262,"ஊரா சி ஒ றிய அ வலக ,வட பா த க ட ெத ப தி ெபாறியாள அைற,கட சாைல ப நகரா சி - 607106","1.ப (ந) வா 10, ஆ ப ட சாைல ,2.ப (ந) வா 10, கட சாைல ,3.ப (ந) வா 10,ெஜய ப யா நக அைன",yes
263,263,"வ டார ஊரா சி ேசைவ ைமய ,வட பா தத க ட கிழ ப தி ,கட சாைல ப நகரா சி - 607106","1.ப (ந) வா 10,தயைன நிைலய (ெத ) , 2.ப (ந) வா 10,தயைன நிைலய (ப ர ) , 3.ப (ந) வா 19, த பாைளய ெத ,4.ப (ந) வா 10,வராண ேரா",yes
264,264,"ஊரா சி ஒ றிய அ வலக ,ெமய ஹா வட பா த க ட ெத ப தி,கட சாைல ப நகரா சி - 607106","1.ப (ந) வா 17,18,19 தி வதிைக லி ேரா , 2.ப (ந) வா 18, ல மிபதி நக ெமய ேரா , 3.ப (ந) வா 18, ல மி நக 1வ ெத , 4.ப (ந) வா 18, ல மிபதி நக 2வ ெத , 5.ப (ந) வா 18, ல மிபதி நக 3வ ெத , 6.ப (ந) வா 18, ல மிபதி நக 4வ ெத , 7.ப (ந) வா 18, ல மிபதி நக 5வ ெத , 8.ப (ந) வா 18, ல மிபதி நக 6வ ெத , 9.ப (ந) வா 18, ல மிபதி நக 7வ ெத , 10.ப (ந) வா 18, ேமல பாைளய லி",yes
265,265,"ஊரா சி ஒ றிய அ வலக ,க சி அைற,ஆ ப தி ேரா ப நகரா சி - 607106","1.ப (ந) வா -16 உைற ரா ச , 2.ப (ந) வா -16 வர ேட வர ேகாய ெத , 3.ப (ந) வா -16 வட மாட வதி , 4.ப (ந) வா -10 ஆத கா த கா",yes
266,266,"நகரா சி வ க ப ள , திய க ட ேம ப தி,பா ேரா தி வதிைக ப நகரா சி - 607106","1.ப (ந) வா 16 , பைழய கட ேரா , 2.ப (ந) வா 15 , எட பாைளய -1",yes
267,267,"நகரா சி வ க ப ள ,ேம பா த திய க ட கிழ ப தி,பா ேரா தி வதிைக ப","1.ப (ந) வா 15, ம டப ச , 2.ப (ந) வா 15, எ .ஜி.ஆ நக , 3.ப (ந) வா 15, பைழய க ேச ெத (எ .ஜி.ஆ நக )",yes
268,268,"நகரா சி வ க ப ள ,ேம பா த வட க ட ,பா ேரா தி வதிைக ப நகரா சி - 607106","1.ப (ந) வா 16, ச ரபாண நக , 2.ப (ந) வா 33,ெத ெப மா ேகாய ெத , 3.ப (ந) வா 33,ேம ெப மா ேகாய ெத , 4.ப (ந) வா 33,ஆைணப ைள ச , 5.ப (ந) வா 16, கரவ கார ெத , 6.ப (ந) வா 33",yes
269,269,"நகரா சி வ க ப ள ,வட பா த க ட கிழ ப தி,தி.ராஜா பாைளய ப நகரா சி - 607106","1.ப (ந) வா 33 கட தி ேகாவ அைண க ேரா , 2.ப (ந) வா 33 தி.ராசாபாைளய ேதா ெத , 3.ப (ந) வா 33 தி.ராசாபாளய மா ய ம ேகாய ெத , 4.ப (ந) வா 33 தி.ராசாபாளய அ ணா நக , 5.ப (ந) வா 33 தி.ராசாபாளய ெப யா நக",yes
270,270,"நகரா சி வ க ப ள ,வட பா த க ட ெத ப தி,ஏ.ஆ ப ப நகரா சி- - 607106","1.ப (ந) வா 32 வட ெத , 2.ப (ந) வா 32 கிழ ெத , 3.ப (ந) வா 32 ெத ெத , 4.ப (ந) வா 32 மா ய ம ேகாய ெத",yes
271,271,"நகரா சி வ க ப ள ,கிழ பா த பைழய க ட ேம ப தி அைற எ -7,ஏ.ஆ ப ப நகரா சி- - 607106","1...ப (ந) வா 32 ஏ.ப ராஜா நக , 2.ப (ந) வா 32 அ யனா ேகாய ெத , 3.ப (ந) வா 32 நக , 4.ப (ந) வா 32 ெமய ேரா",yes
272,272,"நகரா சி ந நிைல ப ள ,ெத பா த க ட வட ப தி,சீர ப ப நகரா சி - 607106","1.ப (ந) வா 32 வட ெத சீர ப , 2.ப (ந) வா 32 ந ெத சீர ப ,3.ப (ந) வா 32 ெத ெத சீர ப , 4.ப (ந) வா 32 ேம ெத சீர ப",yes
273,273,"நகரா சி ந நிைல ப ள ,ெத பா த க ட வட ப தி 8-ஆ வ பைற,சீர ப ப நகரா சி - 607106","1.ப (ந) வா 32 கள ேம ெத சீர ப , 2.ப (ந) வா 32 ெமய ேரா சீர ப , 3..ப (ந) வா 32 சீர ப (இ ள ப )",yes
274,274,"ஊரா சி ஒ றிய வ க ப ள ,ப ளா 5 வட பா த ெத க ட ேம ப தி,வட சா தி ப - 607106","1.சா தி ப (வ.கி) ம (ஊ) ெந லி ேதா ெமய ேரா , 2.சா தி ப (வ.கி) ம (ஊ) ெந லி ேதா வட ெத , 3.சா தி ப (வ.கி) ம (ஊ) வட சா தி ப மா ய ம ேகாய",yes
275,275,"ஊரா சி ஒ றிய வ க ப ள ,வட பா த ெத க ட தி கிழ ப தி,சா தி ப - 607106","1.சா தி ப (வ.கி) ம (ஊ) வட சா தி ப கிழ ெத , 2.சா தி ப (வ.கி) ம (ஊ) வட சா தி ப ேம ெத , 3.சா தி ப (வ.கி) ம (ஊ) வட சா தி ப வட ெத , 4.சா தி ப (வ.கி) ம (ஊ) வட சா தி ப காம ேகாய ெத",yes
276,276,"ேராம க ேதாலி வ க ப ள ,வட பா த க ட தி கீ தள ப ளா 7 அைற எ -1,சா தி ப - 607106","1.சா தி ப (வ.கி) ம (ஊ) கா ெத ெத , 2.சா தி ப (வ.கி) ம (ஊ) கா ேம ெத , 3.சா தி ப (வ.கி) ம (ஊ) கா ந ெத , 4.சா தி ப (வ.கி) ம (ஊ) கா வட ெத , 5.சா தி ப (வ.கி) ம (ஊ) ேம ப ெத ெத , 6.சா தி ப (வ.கி) ம (ஊ) ேம ப ந ெத , 7.சா தி ப (வ.கி) ம (ஊ) ேம ப ேம ெத , 8.சா தி ப (வ.கி) ம (ஊ) ேம ப வட ெத",yes
277,277,"ேராம க ேதாலி வ க ப ள ,வட பா த ெத ப தி க ட தி கீ தள அைற எ 4ஏ,சா தி ப - 607106","1.சா தி ப (வ.கி) ம (ஊ) ெத சா தி ப ெத ெத , 2.சா தி ப (வ.கி) ம (ஊ) ெத சா தி ப ேம ெத , 3.சா தி ப (வ.கி) ம (ஊ) ெத சா தி ப வட ெத , 4.சா தி ப (வ.கி) ம (ஊ) ெத சா தி ப கிழ ெத",yes
278,278,"ேராம க ேதாலி வ க ப ள ,வட பா த க ட தி கீ தள ப ளா 7 அைற","1.சா தி ப (வ.கி) ம (ஊ) ந சா தி ப ெமய ேரா , 2.சா தி ப (வ.கி) ம (ஊ) ந சா தி ப க லைரெத , 3.சா தி ப (வ.கி) ம (ஊ) ந சா தி ப ேம ெத",yes
279,279,"ேராம க ேதாலி வ க ப ள ,வட பா த க ட தி கீ தள 2வ அைற ப ளா","1.சா தி ப (வ.கி) ம (ஊ) ந சா தி ப கிழ ெத , 2.சா தி ப (வ.கி) ம (ஊ) ந சா தி ப வட ெத , 3.சா தி ப (வ.கி) ம (ஊ) ந சா தி ப ந ெத",yes
280,280,"ஊரா சி ஒ றிய ந நிைல ப ள ,கிழ பா த திய க ட ெத ப தி,இைடயா ப - 607105","1.சி ந ைகவா (வ.கி), சா தி ப (ஊ) ெகா ேகாண ப ெத ெத , 2.சி ந ைகவா (வ.கி), சா தி ப (ஊ) ெகா ேகாண ப ந ெத , 3.சி ந ைகவா (வ.கி), சா தி ப (ஊ) ெகா ேகாண ப வட ெத , 4.சி ந ைகவா (வ.கி), சா தி ப (ஊ) ந லா ப , 5.பலாப (வ.கி), சா தி ப (ஊ) பலாப காலன கிழ ெத , 6.பலாப (வ.கி), சா தி ப (ஊ) பலாப காலன ேம ெத",yes
281,281,"ஊரா சி ஒ றிய ந நிைல ப ள ,கிழ பா த திய க ட வட ப தி,இைடயா ப - 607105","1.பலாப (வ.கி), சா தி ப (ஊ) சா தி ப காலன ேம ெத , 2.பலாப (வ.கி), சா தி ப (ஊ) சா தி ப காலன கிழ ெத , 3.பலாப (வ.கி), சா தி ப (ஊ) பலாப , 4.சி ந ைகவா (வ.கி), சா தி ப (ஊ) சி ந ைகவா",yes
282,282,"ஊரா சி ஒ றிய வ க ப ள ,ேம பா த தியக ட தி வட ப தி,ச ன யாசி ேப ைட - 607105","1.ச ன யாசி ேப ைட (வ.கி) ம (ஊ) க மாற ெத , 2.ச ன யாசி ேப ைட (வ.கி) ம (ஊ) பா சாைல , 3.ச ன யாசி ேப ைட (வ.கி) ம (ஊ) ேதா , 4.ச ன யாசி ேப ைட (வ.கி) ம (ஊ) ஆசா ெத , 5.ச ன யாசி ேப ைட (வ.கி) ம (ஊ) ெமய ேரா , 6.ச ன யாசி ேப ைட (வ.கி) ம (ஊ) ஒ தவா ெத , 7.ச ன யாசி ேப ைட (வ.கி) ம (ஊ) ப",yes
283,283,"ஊரா சி ஒ றிய வ க ப ள ,ேம பா த திய க ட கிழ ப தி,ச ன யாசி ேப ைட - 607105","1.ச ன யாசி ேப ைட (வ.கி) ம (ஊ) கா தி நக காலன , 2.ச ன யாசி ேப ைட (வ.கி) ம (ஊ) வ வ ெத காலன , 3.ச ன யாசி ேப ைட (வ.கி) ம (ஊ) ஆதிதிராவ ட பைழய காலன",yes
284,284,"அ க வா ைமய ,ேம பா த க ட ,ச ன யாசிேப ைட ந ேம - 607105","1.ச ன யாசி ேப ைட (வ.கி), ந ேம (ஊ) சி னந ேம ைட ெத , 2.ச ன யாசி ேப ைட (வ.கி), ந ேம (ஊ) சி னந ேம ெமய ேரா , 3.ச ன யாசி ேப ைட (வ.கி), ந ேம (ஊ) ேதா ெத , 4.ச ன யாசி ேப ைட (வ.கி), ந ேம (ஊ) சா திப சாைல",yes
285,285,"ஊரா சி ஒ றிய வ க ப ள ,ெத பா த க ட கிழ ப தி ,ச ன யாசி ேப ைட ந ேம - 607105","1.ச ன யாசி ேப ைட (வ.கி), ந ேம (ஊ) ெப ந ேம ெமய ேரா , 2.ச ன யாசி ேப ைட (வ.கி), ந ேம (ஊ) நக , 3.ச ன யாசி ேப ைட (வ.கி), ந ேம (ஊ) மா ய ம ேகாவ ெத , 4.ச ன யாசி ேப ைட (வ.கி), ந ேம (ஊ) ேம ெத , 5.ச ன யாசி ேப ைட (வ.கி), ந ேம (ஊ) அ யனா ேகாவ ெத",yes
286,286,"ஊரா சி ஒ றிய ந நிைல ப ள ,வட பா த கிழ ப தி, கி ணா ர - 607104","1.எ ேம (வ.கி) ம (ஊ) பன கா காலன , 2.எ ேம (வ.கி) ம (ஊ) பைழயகாலன , 3.எ ேம (வ.கி) ம (ஊ) காலன , 4.எ ேம (வ.கி) ம (ஊ) ப ைளயா ேகாய ெத",yes
287,287,"ஊரா சி ஒ றிய ந நிைல ப ள ,வட பா த திய க ட தி ெத ப தி, கி ணா ர - 607104","1.எ ேம (வ.கி) ம (ஊ) அ ணா நக , 2.எ ேம (வ.கி) ம (ஊ) த ெமய ேரா , 3.எ ேம (வ.கி) ம (ஊ) ப ைளயா ேகாய வதி , 4.எ ேம (வ.கி) ம (ஊ) நாராயண ர மா ய ம ேகாய ெத",yes
288,288,"ஊரா சி ஒ றிய வ க ப ள ,வட பா த கிழ ப க க ட ,எ ேம - 607104","1.எ ேம (வ.கி) ம (ஊ) ெர யா ெத , 2.எ ேம (வ.கி) ம (ஊ) ப ைளயா ேகாய ெத , 3.எ ேம (வ.கி) ம (ஊ) க ன ேகாய ெத , 4.எ ேம (வ.கி) ம (ஊ) மா ய ம ேகாய ெத , 5.எ ேம (வ.கி), அகர (ஊ) திெரௗபதிய ம ேகாய ெத",yes
289,289,"ஊரா சி ஒ றிய வ க ப ள ,வட பா த ேம ப தி க ட ,எ ேம - 607104","1.எ ேம (வ.கி), அகர (ஊ) ெமய ேரா , 2.எ ேம (வ.கி), அகர (ஊ) ெப மா ேகாய ெத , 3.எ ேம (வ.கி), அகர (ஊ) க ேகாய ெத , 4.எ ேம (வ.கி), அகர (ஊ) மா ய ம ேகாய ெத , 5.எ ேம (வ.கி), அகர (ஊ) ைட ெத",yes
290,290,"அரசின உய நிைல ப ள ,வட பா த க ட தி கிழ ப தி,பா . - 607105","1.பா (வ.கி) ம (ஊ) தி வ ெத , 2.பா (வ.கி) ம (ஊ) ெப மா ேகாவ ெத , 3.பா (வ.கி) ம (ஊ) ஆ சேநய ேகாவ ெத",yes
291,291,"அரசின உய நிைல ப ள ,வட பார த திய க ட தி ேம ப தி,பா - 607105","1.பா (வ.கி) ம (ஊ) ெக ைகய ம ேகாவ ெத , 2.பா (வ.கி) ம (ஊ) வட ெத , 3.பா (வ.கி) ம (ஊ) திெரௗபதி அ ம ேகாவ ெத",yes
292,292,"அரசின உய நிைல ப ள ,ெத பா த வட க ட ,பா . - 607105","1.பா (வ.கி) ம (ஊ) ெப ய காலன , 2.பா (வ.கி) ம (ஊ) ந காலன",yes
293,293,"அரசின உய நிைல ப ள ,ெத பா த",1.பா (வ.கி) ம (ஊ) கள காலன அைன,yes
294,294,"ஊரா சி ஒ றிய ந நிைல ப ள ,ேம பா த க ட வட ப தி,சி தர - 607105","1.சி தர (வ.கி) ம (ஊ) ப ைளயா ேகாவ ெத , 2.சி தர (வ.கி) ம (ஊ) ந ப , 3.சி தர (வ.கி) ம (ஊ) மா ய ம ேகாவ ெத",yes
295,295,"ஊரா சி ஒ றிய ந நிைல ப ள ,ேம பா த கிழ க ட ,சி தர - 607105","1.சி தர (வ.கி) ம (ஊ) ந தேம , 2.சி தர (வ.கி) ம (ஊ) ெத",yes
296,296,"ஊரா சி ஒ றிய வ க ப ள ,வட பா த திய க ட ேம ப கெத ப தி,ெதா - 607105",1.ப லவராயந த (வ.கி) ம (ஊ) ப ைளயா ேகாய வதி ய லாபாைளயா அைன,yes
297,297,"ஊரா சி ஒ றிய வ க ப ள ,ெத பா த திய க ட ேம ப தி ,ெதா - 607105","1.ப லவராயந த (வ.கி) ம (ஊ) ெதா ெமய ேரா , 2.ப லவராயந த (வ.கி) ம (ஊ) ப ைண சிபாைளய , 3.ப லவராயந த (வ.கி) ம (ஊ) பாரதி நக",yes
298,298,"ஊரா சி ஒ றிய வ க ப ள ,ேம பா த வட ப க திய க ட ,ப லவராயந த -","1.ப லவராயந த (வ.கி) ம (ஊ) த காெத ய லாபாைளய , 2.ப லவராயந த (வ.கி) ம (ஊ) மா ய ம ேகாய ெத",yes
299,299,"ஊரா சி ஒ றிய வ க ப ள ,ேம பா த ெத ப க திய க ட ,ப லவராயந த - 607105","1.ப லவராயந த (வ.கி) ம (ஊ) ப லவராயந த ஊ , 2.ப லவராயந த (வ.கி) ம (ஊ) ப லவராயந த காலன",yes
300,300,"ஊரா சி ஒ றிய வ க ப ள ,ெத பா த க ட கிழ ப தி ,வ க பாைளய கீ அ ண - - 607105","1.கீழ ண (வ.கி) ம (ஊ) ேம ெத , 2.கீழ ண (வ.கி) ம (ஊ) மா ய ம ேகாவ ெத , 3.கீழ ண (வ.கி) ம (ஊ) வ க பாைளய , 4.கீழ ண (வ.கி) ம (ஊ) கட ப ெமய ேரா ,5.கீழ ண (வ.கி) ம (ஊ) ேம ெத காலன",yes
301,301,"ஊரா சி ஒ றிய வ க ப ள ,ெத பா த க ட ேம ப தி ,வ க பாைளய கீ அ ண - - 607105","1.கீழ ண (வ.கி) ம (ஊ) க ேகாவ , 2.கீழ ண (வ.கி) ம (ஊ) கிழ ெத , 3.கீழ ண (வ.கி) ம (ஊ) ெர யா ெத",yes
302,302,"அர ஆதிதிராவ ட நல ெதாட க ப ள ,ெத பா த க ட கிழ ப தி,ஏ. சி பாைளய கீ அ ண - - 607105","1.கீழ ப (வ.கி), கீழ ண (ஊ) காலன , 2.கீழ ப (வ.கி), கீழ ண (ஊ) பைழயகாலன , 3.கீழ ப (வ.கி), கீழ ண (ஊ) கிழ ெத",yes
303,303,"அர ஆதிதிராவ ட நல ெதாட க ப ள ,ேம பா த க ட தி வட ப தி,ஏ. சி பாைளய கீ அ ண - - 607105","1.கீழ ப (வ.கி), கீழ ண (ஊ) ெர யா ெத , 2.கீழ ப (வ.கி), கீழ ண (ஊ) ெர யா ெத ெத , 3.கீழ ண (வ.கி) ம (ஊ) சி பாைளய , 4.கீ அ ண (வ.கி) ம (ஊ) ப சம கல",yes
304,304,"ஊரா சி ஒ றிய வ க ப ள ,வட பா த க ட ேம ப தி,ந த கீ அ ண - 607105","1.கீழ ண (வ.கி), ந த (ஊ) மா ய ம ேகாவ ெத , 2.கீழ ண (வ.கி), ந த (ஊ) நக ெத",yes
305,305,"ஊரா சி ஒ றிய வ க ப ள ,ேம பா த திய க ட ,ந த கீ அ ண - 607105","1.கீழ ண (வ.கி), ந த (ஊ) ந ெத , 2.கீழ ண (வ.கி), ந த (ஊ) ெத , 3.கீழ ண (வ.கி), ந த (ஊ) பா சி தர ெமய ேரா",yes
306,306,"ஊரா சி ஒ றிய வ க ப ள ,ேம பா த வட ப க திய க ட கிழ ப தி,எ த - 607401","1.எ த (வ.கி) ம (ஊ) ஈ வர ேகாவ ெத , 2.எ த (வ.கி) ம (ஊ) ேம ெத , 3.எ த (வ.கி) ம (ஊ) காமரா நக , 4.அ ய த ம கல (வ.கி) ம (ஊ) அ ய த ம கல",yes
307,307,"ஊரா சி ஒ றிய வ க ப ள ,ேம பா த ெத ப க திய க ட கிழ ப தி,எ த - 607401","1.எ த (வ.கி) ம (ஊ) மா ய ம ேகாய ெத , 2.எ த (வ.கி) ம (ஊ) காலன அைன",yes
308,308,"ஊரா சி ஒ றிய ந நிைல ப ள ,ேம பா த வட ப தி கிழ ப க","1. தரவா (வ.கி) ம (ஊ) ப ைளயா ேகாய ெத , 2. தரவா (வ.கி) ம (ஊ) பாடசாைல வதி , 3. தரவா (வ.கி) ம (ஊ) திெரௗபதிய ம ேகாவ ெத",yes
309,309,"ஊரா சி ஒ றிய ந நிைல ப ள ,ேம பா த ெத ப தி கிழ ப க","1. தரவா (வ.கி) ம (ஊ) மா ய ம ேகாவ ெத , 2. தரவா (வ.கி) ம (ஊ) இ திரா நக , 3. தரவா (வ.கி) ம (ஊ) ஆதிதிராவ ட காலன",yes
